ID,No.,Type,Star,Name,Doll ID,Doll,Damage,Accuracy,Evasion,Move Speed,Rate of Fire,Crit.Rate,Crit.Damage,Armor Pen.,Armor,Shield,Damage Amplify,Damage Reduction,Night View,Rounds,Equip Exp,Equip Level,Adjust Count,Locked
16676555,95,Hollow-point,?????,16Lab Hollow-Point,86120475,Contender,15,0,0,0,0,0%,0%,-7,0,0,0%,0%,0%,0,10051,10,0,Locked
16684315,39,T-Exo,????,IOP T3 Exoskeleton,-,-,-5,0,16,0,0,0%,0%,0,0,0,0%,0%,0%,0,0,0,3,Locked
16686944,70,Hollow-point,???,ILM Hollow-Point Ammo,-,-,4,0,0,0,0,0%,0%,-2,0,0,0%,0%,0%,0,2500,10,0,Locked
16705777,40,T-Exo,?????,IOP T4 Exoskeleton,-,-,-6,0,35,0,0,0%,0%,0,0,0,0%,0%,0%,0,10000,10,6,Locked
16706095,110,High-velocity,?????,16Lab High-Velocity Ammo,-,-,20,0,0,0,0,0%,0%,0,0,0,0%,0%,0%,0,10076,10,0,Locked
16743520,14,Night Equipment,???,PEQ-5,-,-,0,0,0,0,0,0%,0%,0,0,0,0%,0%,70%,0,1,0,0,Locked
16824745,80,Slug,?????,SABOT Slug,-,-,0,20,0,0,0,0%,0%,0,0,0,0%,0%,0%,0,10000,10,7,Locked
16826048,20,Armor-piercing,?????,Mk211 High-Explosive Armor-Piercing Ammo,-,-,0,0,0,0,0,0%,0%,180,0,0,0%,0%,0%,0,10000,10,12,Locked
16879648,1,Optical,??,BM 3-12X40,-,-,0,0,0,0,0,0%,8%,0,0,0,0%,0%,0%,0,1,0,0,Locked
16882701,18,Armor-piercing,???,M993 Armor-Piercing Ammo,-,-,0,0,0,0,0,0%,0%,112,0,0,0%,0%,0%,0,2500,10,0,Locked
16887643,12,Red Dot,?????,ITI MARS,-,-,0,30,0,0,-1,0%,0%,0,0,0,0%,0%,0%,0,10000,10,12,Locked
16919279,64,Suppressor,???,AC2 Suppressor,-,-,0,0,4,0,0,0%,10%,0,0,0,0%,0%,0%,0,2500,10,0,Locked
16919280,38,T-Exo,???,IOP T2 Exoskeleton,-,-,-3,0,16,0,0,0%,0%,0,0,0,0%,0%,0%,0,2500,10,0,Locked
16919281,19,Armor-piercing,????,Mk169 Armor-Piercing Ammo,-,-,0,0,0,0,0,0%,0%,150,0,0,0%,0%,0%,0,5000,10,0,Locked
16919671,56,X-Exo,???,IOP X2 Exoskeleton,-,-,0,0,8,0,0,0%,0%,0,0,0,0%,0%,0%,0,2500,10,0,Locked
16919777,57,X-Exo,????,IOP X3 Exoskeleton,-,-,0,0,7,0,0,0%,0%,0,0,0,0%,0%,0%,0,1,0,0,Locked
16919778,15,Night Equipment,????,PEQ-15,-,-,0,0,0,0,0,0%,0%,0,0,0,0%,0%,85%,0,1,0,0,Locked
16920158,2,Optical,???,LRA 2-12x50,-,-,0,0,0,0,0,0%,24%,0,0,0,0%,0%,0%,0,2500,10,0,Locked
16920162,3,Optical,????,PSO-1,-,-,0,0,0,0,0,0%,16%,0,0,0,0%,0%,0%,0,1,0,0,Locked
16955150,30,High-velocity,???,JSP High-Velocity Ammo,-,-,7,0,0,0,0,0%,0%,0,0,0,0%,0%,0%,0,2500,10,0,Locked
16983680,12,Red Dot,?????,ITI MARS,-,-,0,30,0,0,-1,0%,0%,0,0,0,0%,0%,0%,0,10000,10,13,Locked
16987392,4,Optical,?????,VFL 6-24X56,-,-,0,0,0,0,0,0%,48%,0,0,0,0%,0%,0%,0,10050,10,7,Locked
17072322,7,Holographic,????,EOT 516,-,-,3,5,0,0,-3,0%,0%,0,0,0,0%,0%,0%,0,0,0,6,Locked
17171568,8,Holographic,?????,EOT 518,86387796,Micro Uzi Mod,8,14,0,0,-4,0%,0%,0,0,0,0%,0%,0%,0,10050,10,16,Locked
17171578,12,Red Dot,?????,ITI MARS,-,-,0,30,0,0,-1,0%,0%,0,0,0,0%,0%,0%,0,10000,10,15,Locked
17219391,8,Holographic,?????,EOT 518,101204909,Vector,8,14,0,0,-4,0%,0%,0,0,0,0%,0%,0%,0,10050,10,16,Locked
17219408,68,Ammunition Box,?????,IOP Maximum Ammo Box,-,-,0,0,-2,0,0,0%,0%,0,0,0,0%,0%,0%,5,10000,10,6,Locked
17220641,66,Suppressor,?????,AC4 Suppressor,89945812,RO635 Mod,0,0,10,0,0,0%,20%,0,0,0,0%,0%,0%,0,10050,10,6,Locked
17222184,63,Suppressor,??,AC1 Suppressor,-,-,0,0,2,0,0,0%,4%,0,0,0,0%,0%,0%,0,0,0,0,Locked
17265365,32,High-velocity,?????,APCR High-Velocity Ammo,-,-,20,0,0,0,0,0%,0%,0,0,0,0%,0%,0%,0,10100,10,5,Locked
17346402,65,Suppressor,????,AC3 Suppressor,-,-,0,0,5,0,0,0%,11%,0,0,0,0%,0%,0%,0,1,0,0,Locked
17347606,75,Buckshot,????,#00 Buckshot,-,-,6,0,0,0,0,9%,0%,0,0,0,0%,0%,0%,0,1,0,0,Locked
17347607,71,Hollow-point,????,ILM Hollow-Point Ammo,-,-,6,0,0,0,0,0%,0%,-4,0,0,0%,0%,0%,0,1,0,0,Locked
17347608,79,Slug,????,WAD Slug,-,-,0,13,0,0,0,0%,0%,0,0,0,0%,0%,0%,0,5000,10,0,Locked
17348675,16,Night Equipment,?????,PEQ-16A,-,-,0,0,0,0,0,0%,0%,0,0,0,0%,0%,100%,0,1,0,0,Locked
17348676,20,Armor-piercing,?????,Mk211 High-Explosive Armor-Piercing Ammo,-,-,0,0,0,0,0,0%,0%,180,0,0,0%,0%,0%,0,10051,10,0,Locked
17361789,80,Slug,?????,SABOT Slug,-,-,0,20,0,0,0,0%,0%,0,0,0,0%,0%,0%,0,10000,10,4,Locked
17392450,4,Optical,?????,VFL 6-24X56,-,-,0,0,0,0,0,0%,48%,0,0,0,0%,0%,0%,0,10000,10,8,Locked
17440760,20,Armor-piercing,?????,Mk211 High-Explosive Armor-Piercing Ammo,-,-,0,0,0,0,0,0%,0%,180,0,0,0%,0%,0%,0,10000,10,15,Locked
17518141,32,High-velocity,?????,APCR High-Velocity Ammo,-,-,20,0,0,0,0,0%,0%,0,0,0,0%,0%,0%,0,10050,10,9,Locked
17620760,68,Ammunition Box,?????,IOP Maximum Ammo Box,-,-,0,0,-2,0,0,0%,0%,0,0,0,0%,0%,0%,5,10000,10,6,Locked
17623529,69,Hollow-point,??,ILM Hollow-Point Ammo,-,-,1,0,0,0,0,0%,0%,-1,0,0,0%,0%,0%,0,0,0,0,Locked
17624600,8,Holographic,?????,EOT 518,116995141,Zas M21,8,14,0,0,-4,0%,0%,0,0,0,0%,0%,0%,0,10000,10,10,Locked
17655724,20,Armor-piercing,?????,Mk211 High-Explosive Armor-Piercing Ammo,-,-,0,0,0,0,0,0%,0%,179,0,0,0%,0%,0%,0,10000,10,0,Locked
17656988,66,Suppressor,?????,AC4 Suppressor,-,-,0,0,10,0,0,0%,20%,0,0,0,0%,0%,0%,0,10000,10,6,Locked
17658417,16,Night Equipment,?????,PEQ-16A,-,-,0,0,0,0,0,0%,0%,0,0,0,0%,0%,100%,0,0,0,16,Locked
17713754,44,Armor Plate,?????,Type 3 Armor Plate,-,-,0,0,-2,0,0,0%,0%,0,11,0,0%,0%,0%,0,10025,10,6,Locked
17719387,17,Armor-piercing,??,M61 Armor-Piercing Ammo,-,-,0,0,0,0,0,0%,0%,54,0,0,0%,0%,0%,0,0,0,0,Locked
17733448,9,Red Dot,??,AMP COMPM2,-,-,0,2,0,0,-1,0%,0%,0,0,0,0%,0%,0%,0,0,0,0,Locked
17735094,8,Holographic,?????,EOT 518,-,-,8,14,0,0,-4,0%,0%,0,0,0,0%,0%,0%,0,10000,10,6,Locked
17751946,155,Exclusive,?????,PPK Suppressor,-,-,0,0,18,0,0,0%,30%,0,0,0,0%,0%,0%,0,30000,10,6,Locked
17809802,73,Buckshot,??,#1 Buckshot,-,-,1,0,0,0,0,3%,0%,0,0,0,0%,0%,0%,0,0,0,0,Locked
17817517,77,Slug,??,BK Slug,-,-,0,1,0,0,0,0%,0%,0,0,0,0%,0%,0%,0,0,0,0,Locked
17820715,13,Night Equipment,??,PEQ-2,-,-,0,0,0,0,0,0%,0%,0,0,0,0%,0%,54%,0,0,0,0,Locked
17845966,87,Camouflage Cape,??,Ragged Cape,-,-,0,0,0,-3,0,3%,0%,0,0,0,0%,0%,0%,0,0,0,0,Locked
17849594,68,Ammunition Box,?????,IOP Maximum Ammo Box,-,-,0,0,-2,0,0,0%,0%,0,0,0,0%,0%,0%,5,10000,10,6,Locked
17849603,68,Ammunition Box,?????,IOP Maximum Ammo Box,-,-,0,0,-2,0,0,0%,0%,0,0,0,0%,0%,0%,5,10000,10,6,Locked
17878405,72,Hollow-point,?????,ILM Hollow-Point Ammo,86079519,Grizzly,15,0,0,0,0,0%,0%,-7,0,0,0%,0%,0%,0,10000,10,9,Locked
17913963,29,High-velocity,??,FMJ High-Velocity Ammo,-,-,2,0,0,0,0,0%,0%,0,0,0,0%,0%,0%,0,0,0,0,Locked
17959043,37,T-Exo,??,IOP T1 Exoskeleton,-,-,-1,0,7,0,0,0%,0%,0,0,0,0%,0%,0%,0,0,0,0,Locked
17959072,5,Holographic,??,EOT 506,-,-,1,1,0,0,-1,0%,0%,0,0,0,0%,0%,0%,0,0,0,0,Locked
17960363,55,X-Exo,??,IOP X1 Exoskeleton,-,-,0,0,2,0,0,0%,0%,0,0,0,0%,0%,0%,0,0,0,0,Locked
17963938,16,Night Equipment,?????,PEQ-16A,-,-,0,0,0,0,0,0%,0%,0,0,0,0%,0%,99%,0,0,0,0,Locked
17990601,76,Buckshot,?????,#000 Buckshot,91323281,S.A.T.8,15,0,0,0,0,22%,0%,0,0,0,0%,0%,0%,0,10000,10,14,Locked
17993500,20,Armor-piercing,?????,Mk211 High-Explosive Armor-Piercing Ammo,-,-,0,0,0,0,0,0%,0%,180,0,0,0%,0%,0%,0,10000,10,21,Locked
17993502,80,Slug,?????,SABOT Slug,-,-,0,19,0,0,0,0%,0%,0,0,0,0%,0%,0%,0,10000,10,0,Locked
18052665,106,Exclusive,?????,EOT XPS3,-,-,8,14,0,0,0,0%,25%,0,0,0,0%,0%,0%,0,30000,10,16,Locked
18119093,90,Camouflage Cape,?????,Thermoptic Camouflage Cape,-,-,0,0,0,-3,0,25%,0%,0,0,0,0%,0%,0%,0,10000,10,6,Locked
18130454,72,Hollow-point,?????,ILM Hollow-Point Ammo,-,-,15,0,0,0,0,0%,0%,-7,0,0,0%,0%,0%,0,10000,10,11,Locked
18131869,12,Red Dot,?????,ITI MARS,-,-,0,30,0,0,-1,0%,0%,0,0,0,0%,0%,0%,0,10000,10,6,Locked
18139999,76,Buckshot,?????,#000 Buckshot,-,-,15,0,0,0,0,22%,0%,0,0,0,0%,0%,0%,0,10000,10,24,Locked
18169143,58,X-Exo,?????,IOP X4 Exoskeleton,-,-,0,0,20,0,0,0%,0%,0,0,0,0%,0%,0%,0,10050,10,4,Locked
18171651,32,High-velocity,?????,APCR High-Velocity Ammo,-,-,20,0,0,0,0,0%,0%,0,0,0,0%,0%,0%,0,10000,10,3,Locked
18210752,4,Optical,?????,VFL 6-24X56,-,-,0,0,0,0,0,0%,48%,0,0,0,0%,0%,0%,0,10000,10,7,Locked
18227415,4,Optical,?????,VFL 6-24X56,-,-,0,0,0,0,0,0%,48%,0,0,0,0%,0%,0%,0,10000,10,10,Locked
18332437,169,Exclusive,?????,Am RFB Quad Rail,-,-,0,0,0,0,0,18%,48%,0,0,0,0%,0%,0%,0,30000,10,16,Locked
18345263,32,High-velocity,?????,APCR High-Velocity Ammo,-,-,20,0,0,0,0,0%,0%,0,0,0,0%,0%,0%,0,10000,10,6,Locked
18356099,154,Exclusive,?????,OSS Suppressor,-,-,3,0,13,0,0,0%,18%,0,0,0,0%,0%,0%,0,1,0,2,Locked
18356665,168,Exclusive,?????,Folding Stock,-,-,0,0,15,0,0,0%,15%,0,0,0,0%,0%,0%,0,1,0,16,Locked
18590657,6,Holographic,???,EOT 512,-,-,2,3,0,0,-2,0%,0%,0,0,0,0%,0%,0%,0,2500,10,0,Locked
18602248,8,Holographic,?????,EOT 518,-,-,4,8,0,0,-5,0%,0%,0,0,0,0%,0%,0%,0,1,0,0,Locked
18630980,20,Armor-piercing,?????,Mk211 High-Explosive Armor-Piercing Ammo,-,-,0,0,0,0,0,0%,0%,180,0,0,0%,0%,0%,0,10000,10,17,Locked
18634422,16,Night Equipment,?????,PEQ-16A,-,-,0,0,0,0,0,0%,0%,0,0,0,0%,0%,95%,0,0,0,3,Locked
18635987,66,Suppressor,?????,AC4 Suppressor,-,-,0,0,10,0,0,0%,20%,0,0,0,0%,0%,0%,0,10000,10,16,Locked
18635998,32,High-velocity,?????,APCR High-Velocity Ammo,-,-,20,0,0,0,0,0%,0%,0,0,0,0%,0%,0%,0,10000,10,2,Locked
18636041,16,Night Equipment,?????,PEQ-16A,-,-,0,0,0,0,0,0%,0%,0,0,0,0%,0%,95%,0,0,0,3,Locked
18639829,32,High-velocity,?????,APCR High-Velocity Ammo,-,-,20,0,0,0,0,0%,0%,0,0,0,0%,0%,0%,0,10000,10,4,Locked
18643932,16,Night Equipment,?????,PEQ-16A,-,-,0,0,0,0,0,0%,0%,0,0,0,0%,0%,100%,0,0,0,7,Locked
18643940,90,Camouflage Cape,?????,Thermoptic Camouflage Cape,-,-,0,0,0,-3,0,25%,0%,0,0,0,0%,0%,0%,0,10000,10,7,Locked
18644822,40,T-Exo,?????,IOP T4 Exoskeleton,-,-,-6,0,35,0,0,0%,0%,0,0,0,0%,0%,0%,0,10000,10,6,Locked
18699200,66,Suppressor,?????,AC4 Suppressor,-,-,0,0,10,0,0,0%,20%,0,0,0,0%,0%,0%,0,10000,10,15,Locked
18713432,44,Armor Plate,?????,Type 3 Armor Plate,-,-,0,0,-2,0,0,0%,0%,0,11,0,0%,0%,0%,0,10000,10,4,Locked
18719146,58,X-Exo,?????,IOP X4 Exoskeleton,-,-,0,0,20,0,0,0%,0%,0,0,0,0%,0%,0%,0,10000,10,4,Locked
18758751,68,Ammunition Box,?????,IOP Maximum Ammo Box,-,-,0,0,-2,0,0,0%,0%,0,0,0,0%,0%,0%,5,10000,10,6,Locked
18770108,90,Camouflage Cape,?????,Thermoptic Camouflage Cape,-,-,0,0,0,-3,0,25%,0%,0,0,0,0%,0%,0%,0,10000,10,4,Locked
18849698,59,Exclusive,?????,National Match-Grade Armor-Piercing Ammo,-,-,0,0,0,0,10,0%,0%,195,0,0,0%,0%,0%,0,30000,10,12,Locked
18856237,8,Holographic,?????,EOT 518,-,-,8,14,0,0,-4,0%,0%,0,0,0,0%,0%,0%,0,10000,10,16,Locked
19084592,42,Armor Plate,???,Type 1 Armor Plate,-,-,0,0,-1,0,0,0%,0%,0,4,0,0%,0%,0%,0,2500,10,0,Locked
19154902,72,Hollow-point,?????,ILM Hollow-Point Ammo,-,-,15,0,0,0,0,0%,0%,-7,0,0,0%,0%,0%,0,10000,10,6,Locked
19156341,20,Armor-piercing,?????,Mk211 High-Explosive Armor-Piercing Ammo,-,-,0,0,0,0,0,0%,0%,180,0,0,0%,0%,0%,0,10000,10,4,Locked
19176523,72,Hollow-point,?????,ILM Hollow-Point Ammo,-,-,15,0,0,0,0,0%,0%,-7,0,0,0%,0%,0%,0,10000,10,7,Locked
19222251,58,X-Exo,?????,IOP X4 Exoskeleton,-,-,0,0,20,0,0,0%,0%,0,0,0,0%,0%,0%,0,10000,10,6,Locked
19239042,68,Ammunition Box,?????,IOP Maximum Ammo Box,-,-,0,0,-2,0,0,0%,0%,0,0,0,0%,0%,0%,5,10000,10,6,Locked
19243410,68,Ammunition Box,?????,IOP Maximum Ammo Box,-,-,0,0,-2,0,0,0%,0%,0,0,0,0%,0%,0%,5,10000,10,6,Locked
19243411,68,Ammunition Box,?????,IOP Maximum Ammo Box,-,-,0,0,-2,0,0,0%,0%,0,0,0,0%,0%,0%,5,10000,10,6,Locked
19312523,66,Suppressor,?????,AC4 Suppressor,-,-,0,0,10,0,0,0%,20%,0,0,0,0%,0%,0%,0,10000,10,6,Locked
19417363,67,Ammunition Box,????,IOP High-Capacity Ammo Box,-,-,0,0,-1,0,0,0%,0%,0,0,0,0%,0%,0%,1,0,0,0,Locked
19435098,32,High-velocity,?????,APCR High-Velocity Ammo,-,-,20,0,0,0,0,0%,0%,0,0,0,0%,0%,0%,0,10000,10,4,Locked
19436652,68,Ammunition Box,?????,IOP Maximum Ammo Box,-,-,0,0,-2,0,0,0%,0%,0,0,0,0%,0%,0%,5,10000,10,6,Locked
19437443,66,Suppressor,?????,AC4 Suppressor,-,-,0,0,10,0,0,0%,20%,0,0,0,0%,0%,0%,0,10000,10,16,Locked
19455231,60,Exclusive,?????,.300BLK High-Velocity Ammo,-,-,35,0,0,0,-10,0%,0%,0,0,0,0%,0%,0%,0,30000,10,16,Locked
19467507,40,T-Exo,?????,IOP T4 Exoskeleton,-,-,-6,0,35,0,0,0%,0%,0,0,0,0%,0%,0%,0,10000,10,16,Locked
19474274,40,T-Exo,?????,IOP T4 Exoskeleton,-,-,-6,0,35,0,0,0%,0%,0,0,0,0%,0%,0%,0,10000,10,6,Locked
19563270,161,Exclusive,?????,Advanced Infantry Sight,-,-,5,0,0,0,0,0%,48%,0,0,0,0%,0%,0%,0,30000,10,16,Locked
19586056,100,Exclusive,?????,Lightweight Rail Kit,-,-,15,10,0,0,0,30%,0%,0,0,0,0%,0%,0%,0,30000,10,16,Locked
19682090,78,Slug,???,FST Slug,-,-,0,7,0,0,0,0%,0%,0,0,0,0%,0%,0%,0,2500,10,0,Locked
19683385,91,Exclusive,?????,Special Warfare Mobile Suit,-,-,0,-20,10,0,-10,0%,0%,0,20,0,0%,0%,0%,0,30000,10,0,Locked
19691989,61,Exclusive,?????,Titan Fire-Control Chip,86631547,M1918 Mod,-2,0,0,0,-1,0%,0%,0,0,0,0%,0%,0%,6,30000,10,16,Locked
19733256,62,Exclusive,?????,GSG UX Exoskeleton,-,-,-6,0,58,0,0,0%,0%,0,0,0,0%,0%,0%,0,30000,10,26,Locked
19734548,86,Exclusive,?????,Hayha Memory Chip,98777789,Mosin-Nagant Mod,30,0,5,0,0,30%,0%,0,0,0,0%,0%,0%,0,30000,10,23,Locked
19743949,90,Camouflage Cape,?????,Thermoptic Camouflage Cape,-,-,0,0,0,-3,0,25%,0%,0,0,0,0%,0%,0%,0,10000,10,5,Locked
19791122,119,Exclusive,?????,FÉLIN System Sight,-,-,3,2,0,0,0,0%,19%,0,0,0,0%,0%,0%,0,0,0,2,Locked
19795044,99,Exclusive,?????,Inherited Case,-,-,20,0,0,0,20,0%,0%,0,15,0,0%,0%,0%,0,30000,10,6,Locked
19830690,31,High-velocity,????,JHP High-Velocity Ammo,-,-,6,0,0,0,0,0%,0%,0,0,0,0%,0%,0%,0,0,0,0,Locked
19835677,107,Exclusive,?????,Infinite Ammo Box,-,-,-25,-10,-2,0,0,0%,0%,0,0,0,0%,0%,0%,21,1100,1,0,Locked
19920569,32,High-velocity,?????,APCR High-Velocity Ammo,-,-,9,0,0,0,0,0%,0%,0,0,0,0%,0%,0%,0,0,0,2,Locked
19925696,92,Exclusive,?????,UMP UX Exoskeleton,95576669,UMP45 Mod,0,0,35,0,0,25%,0%,0,0,0,0%,0%,0%,0,30000,10,16,Locked
19935929,88,Camouflage Cape,???,Camouflage Cape,-,-,0,0,0,-3,0,12%,0%,0,0,0,0%,0%,0%,0,2500,10,0,Locked
20007719,4,Optical,?????,VFL 6-24X56,-,-,0,0,0,0,0,0%,48%,0,0,0,0%,0%,0%,0,10000,10,9,Locked
20078572,40,T-Exo,?????,IOP T4 Exoskeleton,-,-,-7,0,21,0,0,0%,0%,0,0,0,0%,0%,0%,0,1,0,0,Locked
20127886,40,T-Exo,?????,IOP T4 Exoskeleton,-,-,-6,0,35,0,0,0%,0%,0,0,0,0%,0%,0%,0,10000,10,16,Locked
20284777,40,T-Exo,?????,IOP T4 Exoskeleton,-,-,-6,0,35,0,0,0%,0%,0,0,0,0%,0%,0%,0,10000,10,16,Locked
20294333,80,Slug,?????,SABOT Slug,-,-,0,20,0,0,0,0%,0%,0,0,0,0%,0%,0%,0,10000,10,5,Locked
20295838,89,Camouflage Cape,????,Urban Camouflage Cape,-,-,0,0,0,-3,0,9%,0%,0,0,0,0%,0%,0%,0,0,0,0,Locked
20303137,129,Exclusive,?????,M2 Bipod,85559340,M14 Mod,0,10,0,0,0,0%,48%,0,0,0,0%,0%,0%,0,30000,10,34,Locked
20326277,66,Suppressor,?????,AC4 Suppressor,-,-,0,0,10,0,0,0%,20%,0,0,0,0%,0%,0%,0,10000,10,16,Locked
20345339,32,High-velocity,?????,APCR High-Velocity Ammo,-,-,20,0,0,0,0,0%,0%,0,0,0,0%,0%,0%,0,10000,10,6,Locked
20353479,72,Hollow-point,?????,ILM Hollow-Point Ammo,-,-,15,0,0,0,0,0%,0%,-7,0,0,0%,0%,0%,0,10000,10,6,Locked
20353481,58,X-Exo,?????,IOP X4 Exoskeleton,-,-,0,0,20,0,0,0%,0%,0,0,0,0%,0%,0%,0,10000,10,7,Locked
20355121,72,Hollow-point,?????,ILM Hollow-Point Ammo,-,-,15,0,0,0,0,0%,0%,-7,0,0,0%,0%,0%,0,10000,10,16,Locked
20447964,164,Exclusive,?????,M9 BC2 Grips,-,-,0,3,20,0,0,0%,20%,0,0,0,0%,0%,0%,0,30000,10,6,Locked
20449675,72,Hollow-point,?????,ILM Hollow-Point Ammo,-,-,15,0,0,0,0,0%,0%,-7,0,0,0%,0%,0%,0,10000,10,16,Locked
20451266,74,Buckshot,???,#0 Buckshot,-,-,3,0,0,0,0,8%,0%,0,0,0,0%,0%,0%,0,2500,10,0,Locked
20452203,40,T-Exo,?????,IOP T4 Exoskeleton,-,-,-7,0,21,0,0,0%,0%,0,0,0,0%,0%,0%,0,0,0,0,Locked
20452390,126,Exclusive,?????,Dinergate RO,-,-,35,14,0,0,-2,0%,0%,0,0,0,0%,0%,0%,0,30000,10,16,Locked
20511209,80,Slug,?????,SABOT Slug,-,-,0,20,0,0,0,0%,0%,0,0,0,0%,0%,0%,0,10000,10,1,Locked
20533661,43,Armor Plate,????,Type 2 Armor Plate,-,-,0,0,-1,0,0,0%,0%,0,6,0,0%,0%,0%,0,5000,10,0,Locked
20561132,11,Red Dot,????,COG M150,-,-,0,10,0,0,-1,0%,0%,0,0,0,0%,0%,0%,0,0,0,5,Locked
20624432,66,Suppressor,?????,AC4 Suppressor,-,-,0,0,10,0,0,0%,20%,0,0,0,0%,0%,0%,0,10000,10,6,Locked
20630743,10,Red Dot,???,AMP COMPM4,-,-,0,11,0,0,-1,0%,0%,0,0,0,0%,0%,0%,0,2500,10,0,Locked
20631605,66,Suppressor,?????,AC4 Suppressor,-,-,0,0,10,0,0,0%,20%,0,0,0,0%,0%,0%,0,10000,10,16,Locked
20631627,44,Armor Plate,?????,Type 3 Armor Plate,-,-,0,0,-2,0,0,0%,0%,0,11,0,0%,0%,0%,0,10000,10,6,Locked
20812869,72,Hollow-point,?????,ILM Hollow-Point Ammo,-,-,15,0,0,0,0,0%,0%,-7,0,0,0%,0%,0%,0,10000,10,16,Locked
20937634,4,Optical,?????,VFL 6-24X56,-,-,0,0,0,0,0,0%,48%,0,0,0,0%,0%,0%,0,10000,10,8,Locked
20951091,4,Optical,?????,VFL 6-24X56,-,-,0,0,0,0,0,0%,48%,0,0,0,0%,0%,0%,0,10000,10,16,Locked
20983044,8,Holographic,?????,EOT 518,-,-,5,7,0,0,-5,0%,0%,0,0,0,0%,0%,0%,0,0,0,0,Locked
21139403,127,Exclusive,?????,Hi-Performance Tactical Hair Accessory,-,-,25,10,20,0,0,0%,0%,0,0,0,0%,0%,0%,0,30000,10,0,Locked
21154801,90,Camouflage Cape,?????,Thermoptic Camouflage Cape,-,-,0,0,0,-3,0,25%,0%,0,0,0,0%,0%,0%,0,10000,10,6,Locked
21163368,40,T-Exo,?????,IOP T4 Exoskeleton,-,-,-6,0,35,0,0,0%,0%,0,0,0,0%,0%,0%,0,10000,10,5,Locked
21163466,175,Exclusive,?????,BPR4 & SRM6,-,-,6,0,10,0,0,0%,48%,0,0,0,0%,0%,0%,0,30000,10,10,Locked
21165159,16,Night Equipment,?????,PEQ-16A,-,-,0,0,0,0,0,0%,0%,0,0,0,0%,0%,100%,0,0,0,7,Locked
21184646,4,Optical,?????,VFL 6-24X56,-,-,0,0,0,0,0,0%,48%,0,0,0,0%,0%,0%,0,10000,10,6,Locked
21188241,4,Optical,?????,VFL 6-24X56,-,-,0,0,0,0,0,0%,48%,0,0,0,0%,0%,0%,0,10000,10,10,Locked
21256274,4,Optical,?????,VFL 6-24X56,-,-,0,0,0,0,0,0%,48%,0,0,0,0%,0%,0%,0,10000,10,7,Locked
21256290,90,Camouflage Cape,?????,Thermoptic Camouflage Cape,-,-,0,0,0,-3,0,25%,0%,0,0,0,0%,0%,0%,0,10000,10,2,Locked
21257062,68,Ammunition Box,?????,IOP Maximum Ammo Box,-,-,0,0,-2,0,0,0%,0%,0,0,0,0%,0%,0%,5,10000,10,6,Locked
21257854,90,Camouflage Cape,?????,Thermoptic Camouflage Cape,-,-,0,0,0,-3,0,25%,0%,0,0,0,0%,0%,0%,0,10000,10,8,Locked
21262613,90,Camouflage Cape,?????,Thermoptic Camouflage Cape,-,-,0,0,0,-3,0,25%,0%,0,0,0,0%,0%,0%,0,10000,10,6,Locked
21280840,68,Ammunition Box,?????,IOP Maximum Ammo Box,-,-,0,0,-2,0,0,0%,0%,0,0,0,0%,0%,0%,5,10000,10,6,Locked
21280841,40,T-Exo,?????,IOP T4 Exoskeleton,-,-,-6,0,35,0,0,0%,0%,0,0,0,0%,0%,0%,0,10000,10,16,Locked
21280843,90,Camouflage Cape,?????,Thermoptic Camouflage Cape,-,-,0,0,0,-3,0,25%,0%,0,0,0,0%,0%,0%,0,10000,10,6,Locked
21283398,66,Suppressor,?????,AC4 Suppressor,-,-,0,0,10,0,0,0%,20%,0,0,0,0%,0%,0%,0,10000,10,16,Locked
21283616,16,Night Equipment,?????,PEQ-16A,-,-,0,0,0,0,0,0%,0%,0,0,0,0%,0%,95%,0,0,0,3,Locked
21283619,66,Suppressor,?????,AC4 Suppressor,-,-,0,0,6,0,0,0%,12%,0,0,0,0%,0%,0%,0,0,0,0,Locked
21284062,44,Armor Plate,?????,Type 3 Armor Plate,-,-,0,0,-2,0,0,0%,0%,0,11,0,0%,0%,0%,0,10000,10,4,Locked
21292203,16,Night Equipment,?????,PEQ-16A,-,-,0,0,0,0,0,0%,0%,0,0,0,0%,0%,95%,0,0,0,4,Locked
21310207,163,Exclusive,?????,MAX10 Upper Receiver,-,-,0,0,10,0,-4,0%,19%,0,0,0,0%,0%,0%,0,1,0,2,Locked
21320635,12,Red Dot,?????,ITI MARS,-,-,0,13,0,0,-3,0%,0%,0,0,0,0%,0%,0%,0,0,0,0,Locked
21326970,4,Optical,?????,VFL 6-24X56,-,-,0,0,0,0,0,0%,48%,0,0,0,0%,0%,0%,0,10000,10,4,Locked
21460318,4,Optical,?????,VFL 6-24X56,-,-,0,0,0,0,0,0%,48%,0,0,0,0%,0%,0%,0,10000,10,6,Locked
21461968,125,Exclusive,?????,Additional Computing Module,95576669,UMP45 Mod,0,0,15,0,0,0%,25%,0,0,0,0%,0%,0%,0,30000,10,6,Locked
21471612,4,Optical,?????,VFL 6-24X56,-,-,0,0,0,0,0,0%,48%,0,0,0,0%,0%,0%,0,10000,10,4,Locked
21561270,8,Holographic,?????,EOT 518,-,-,4,9,0,0,-5,0%,0%,0,0,0,0%,0%,0%,0,0,0,0,Locked
22139975,117,Exclusive,?????,Glorylight,-,-,0,0,0,0,0,0%,0%,0,0,0,0%,0%,100%,0,1,0,0,Locked
22200063,118,Exclusive,?????,Black Cat,-,-,0,0,0,0,0,0%,0%,0,0,0,0%,0%,100%,0,1,0,0,Locked
22430896,44,Armor Plate,?????,Type 3 Armor Plate,-,-,0,0,-2,0,0,0%,0%,0,11,0,0%,0%,0%,0,10000,10,6,Locked
22438428,44,Armor Plate,?????,Type 3 Armor Plate,-,-,0,0,-2,0,0,0%,0%,0,11,0,0%,0%,0%,0,10000,10,6,Locked
22445289,44,Armor Plate,?????,Type 3 Armor Plate,-,-,0,0,-2,0,0,0%,0%,0,11,0,0%,0%,0%,0,10000,10,6,Locked
22446700,66,Suppressor,?????,AC4 Suppressor,-,-,0,0,10,0,0,0%,20%,0,0,0,0%,0%,0%,0,10000,10,12,Locked
22498450,66,Suppressor,?????,AC4 Suppressor,-,-,0,0,6,0,0,0%,13%,0,0,0,0%,0%,0%,0,0,0,0,Locked
22503724,16,Night Equipment,?????,PEQ-16A,-,-,0,0,0,0,0,0%,0%,0,0,0,0%,0%,100%,0,0,0,10,Locked
22522655,16,Night Equipment,?????,PEQ-16A,-,-,0,0,0,0,0,0%,0%,0,0,0,0%,0%,100%,0,0,0,7,Locked
22524907,40,T-Exo,?????,IOP T4 Exoskeleton,-,-,-6,0,35,0,0,0%,0%,0,0,0,0%,0%,0%,0,10000,10,6,Locked
22533941,40,T-Exo,?????,IOP T4 Exoskeleton,-,-,-7,0,20,0,0,0%,0%,0,0,0,0%,0%,0%,0,0,0,0,Locked
22554500,44,Armor Plate,?????,Type 3 Armor Plate,-,-,0,0,-2,0,0,0%,0%,0,11,0,0%,0%,0%,0,10000,10,6,Locked
22563304,90,Camouflage Cape,?????,Thermoptic Camouflage Cape,-,-,0,0,0,-3,0,25%,0%,0,0,0,0%,0%,0%,0,10000,10,6,Locked
22567321,16,Night Equipment,?????,PEQ-16A,-,-,0,0,0,0,0,0%,0%,0,0,0,0%,0%,95%,0,0,0,3,Locked
22595702,162,Exclusive,?????,RPD Infantry Webbing,-,-,3,0,-2,0,0,0%,0%,0,0,0,0%,0%,0%,3,601,1,6,Locked
22765516,32,High-velocity,?????,APCR High-Velocity Ammo,-,-,20,0,0,0,0,0%,0%,0,0,0,0%,0%,0%,0,10000,10,3,Locked
22824659,40,T-Exo,?????,IOP T4 Exoskeleton,-,-,-6,0,35,0,0,0%,0%,0,0,0,0%,0%,0%,0,10000,10,6,Locked
22924509,4,Optical,?????,VFL 6-24X56,-,-,0,0,0,0,0,0%,48%,0,0,0,0%,0%,0%,0,10000,10,7,Locked
22971832,4,Optical,?????,VFL 6-24X56,-,-,0,0,0,0,0,0%,48%,0,0,0,0%,0%,0%,0,10000,10,5,Locked
23074744,8,Holographic,?????,EOT 518,-,-,4,9,0,0,-5,0%,0%,0,0,0,0%,0%,0%,0,0,0,0,Locked
23268067,72,Hollow-point,?????,ILM Hollow-Point Ammo,-,-,15,0,0,0,0,0%,0%,-7,0,0,0%,0%,0%,0,10000,10,16,Locked
23366059,44,Armor Plate,?????,Type 3 Armor Plate,-,-,0,0,-2,0,0,0%,0%,0,11,0,0%,0%,0%,0,10000,10,6,Locked
23413269,4,Optical,?????,VFL 6-24X56,-,-,0,0,0,0,0,0%,48%,0,0,0,0%,0%,0%,0,10000,10,7,Locked
23444722,44,Armor Plate,?????,Type 3 Armor Plate,-,-,0,0,-2,0,0,0%,0%,0,11,0,0%,0%,0%,0,10000,10,6,Locked
23481264,44,Armor Plate,?????,Type 3 Armor Plate,-,-,0,0,-2,0,0,0%,0%,0,7,0,0%,0%,0%,0,0,0,0,Locked
23543437,58,X-Exo,?????,IOP X4 Exoskeleton,-,-,0,0,20,0,0,0%,0%,0,0,0,0%,0%,0%,0,10000,10,16,Locked
23553694,40,T-Exo,?????,IOP T4 Exoskeleton,-,-,-7,0,20,0,0,0%,0%,0,0,0,0%,0%,0%,0,0,0,0,Locked
23557807,68,Ammunition Box,?????,IOP Maximum Ammo Box,156637261,RPK-16,0,0,-2,0,0,0%,0%,0,0,0,0%,0%,0%,5,10000,10,2,Locked
23557809,68,Ammunition Box,?????,IOP Maximum Ammo Box,96762451,PKP,0,0,-2,0,0,0%,0%,0,0,0,0%,0%,0%,5,10000,10,5,Locked
23578887,151,Exclusive,?????,20GA Buckshot,-,-,11,2,0,0,0,18%,0%,0,0,0,0%,0%,0%,0,1,0,18,Locked
23587740,66,Suppressor,?????,AC4 Suppressor,-,-,0,0,7,0,0,0%,13%,0,0,0,0%,0%,0%,0,0,0,0,Locked
23629886,58,X-Exo,?????,IOP X4 Exoskeleton,-,-,0,0,20,0,0,0%,0%,0,0,0,0%,0%,0%,0,10000,10,5,Locked
23638949,58,X-Exo,?????,IOP X4 Exoskeleton,-,-,0,0,20,0,0,0%,0%,0,0,0,0%,0%,0%,0,10000,10,9,Locked
23657557,66,Suppressor,?????,AC4 Suppressor,126656272,P22,0,0,10,0,0,0%,20%,0,0,0,0%,0%,0%,0,10000,10,6,Locked
23657558,40,T-Exo,?????,IOP T4 Exoskeleton,-,-,-7,0,21,0,0,0%,0%,0,0,0,0%,0%,0%,0,0,0,0,Locked
23662376,40,T-Exo,?????,IOP T4 Exoskeleton,-,-,-7,0,20,0,0,0%,0%,0,0,0,0%,0%,0%,0,0,0,0,Locked
23750035,133,Exclusive,?????,Stechkin Buttstock,85827346,Stechkin Mod,0,4,10,0,0,0%,20%,0,0,0,0%,0%,0%,0,30000,10,9,Locked
23755058,72,Hollow-point,?????,ILM Hollow-Point Ammo,95576669,UMP45 Mod,15,0,0,0,0,0%,0%,-7,0,0,0%,0%,0%,0,10000,10,6,Locked
23818521,122,Exclusive,?????,SAA Long Barrel,87145565,SAA Mod,3,0,10,0,0,0%,20%,0,0,0,0%,0%,0%,0,30000,10,16,Locked
23818540,101,Exclusive,?????,XM261 ACP,85555805,M1911 Mod,17,0,0,0,0,0%,0%,-7,0,0,0%,0%,0%,0,30000,10,16,Locked
23883974,66,Suppressor,?????,AC4 Suppressor,-,-,0,0,6,0,0,0%,12%,0,0,0,0%,0%,0%,0,0,0,0,Locked
24004732,40,T-Exo,?????,IOP T4 Exoskeleton,-,-,-6,0,35,0,0,0%,0%,0,0,0,0%,0%,0%,0,10000,10,16,Locked
24015951,58,X-Exo,?????,IOP X4 Exoskeleton,90300702,Px4 Storm,0,0,20,0,0,0%,0%,0,0,0,0%,0%,0%,0,10000,10,5,Locked
24067274,173,Exclusive,?????,9x39mm SPP,-,-,12,0,0,0,0,10%,0%,0,0,0,0%,0%,0%,0,1,0,16,Locked
24100797,90,Camouflage Cape,?????,Thermoptic Camouflage Cape,-,-,0,0,0,-3,0,25%,0%,0,0,0,0%,0%,0%,0,10000,10,8,Locked
24278394,4,Optical,?????,VFL 6-24X56,-,-,0,0,0,0,0,0%,48%,0,0,0,0%,0%,0%,0,10000,10,1,Locked
24356197,114,Exclusive,?????,MP446C Match Barrel,85657679,MP-446 Mod,0,8,10,0,0,0%,20%,0,0,0,0%,0%,0%,0,30000,10,16,Locked
24404738,8,Holographic,?????,EOT 518,-,-,5,7,0,0,-4,0%,0%,0,0,0,0%,0%,0%,0,0,0,0,Locked
24651231,76,Buckshot,?????,#000 Buckshot,-,-,10,0,0,0,0,15%,0%,0,0,0,0%,0%,0%,0,1700,4,2,Locked
24661123,76,Buckshot,?????,#000 Buckshot,-,-,11,0,0,0,0,19%,0%,0,0,0,0%,0%,0%,0,10000,10,2,Locked
24666045,58,X-Exo,?????,IOP X4 Exoskeleton,142948356,Desert Eagle,0,0,20,0,0,0%,0%,0,0,0,0%,0%,0%,0,10000,10,4,Locked
24669859,16,Night Equipment,?????,PEQ-16A,-,-,0,0,0,0,0,0%,0%,0,0,0,0%,0%,95%,0,0,0,2,Locked
24671228,20,Armor-piercing,?????,Mk211 High-Explosive Armor-Piercing Ammo,-,-,0,0,0,0,0,0%,0%,180,0,0,0%,0%,0%,0,10000,10,16,Locked
24671820,16,Night Equipment,?????,PEQ-16A,-,-,0,0,0,0,0,0%,0%,0,0,0,0%,0%,100%,0,0,0,12,Locked
24672716,66,Suppressor,?????,AC4 Suppressor,-,-,0,0,7,0,0,0%,12%,0,0,0,0%,0%,0%,0,0,0,0,Locked
24673030,40,T-Exo,?????,IOP T4 Exoskeleton,-,-,-7,0,21,0,0,0%,0%,0,0,0,0%,0%,0%,0,0,0,0,Locked
24673860,58,X-Exo,?????,IOP X4 Exoskeleton,116995141,Zas M21,0,0,20,0,0,0%,0%,0,0,0,0%,0%,0%,0,10000,10,3,Locked
24694102,58,X-Exo,?????,IOP X4 Exoskeleton,-,-,0,0,20,0,0,0%,0%,0,0,0,0%,0%,0%,0,10000,10,3,Locked
24705208,68,Ammunition Box,?????,IOP Maximum Ammo Box,142964064,Kord,0,0,-2,0,0,0%,0%,0,0,0,0%,0%,0%,4,10000,10,0,Locked
24834726,20,Armor-piercing,?????,Mk211 High-Explosive Armor-Piercing Ammo,-,-,0,0,0,0,0,0%,0%,180,0,0,0%,0%,0%,0,10000,10,20,Locked
24845858,90,Camouflage Cape,?????,Thermoptic Camouflage Cape,-,-,0,0,0,-3,0,25%,0%,0,0,0,0%,0%,0%,0,10000,10,4,Locked
25017800,4,Optical,?????,VFL 6-24X56,-,-,0,0,0,0,0,0%,48%,0,0,0,0%,0%,0%,0,10000,10,8,Locked
25026901,172,Exclusive,?????,ART2,-,-,3,0,0,0,0,0%,22%,0,0,0,0%,0%,0%,0,1,0,2,Locked
25040408,132,Exclusive,?????,Gr MG4 MGO,-,-,0,36,0,0,-1,0%,35%,0,0,0,0%,0%,0%,0,30000,10,0,Locked
25060955,12,Red Dot,?????,ITI MARS,-,-,0,14,0,0,-3,0%,0%,0,0,0,0%,0%,0%,0,1,0,0,Locked
25063192,182,Exclusive,?????,S&B762,-,-,25,0,0,0,-4,0%,0%,0,0,0,0%,0%,0%,0,30000,10,3,Locked
25130330,72,Hollow-point,?????,ILM Hollow-Point Ammo,-,-,15,0,0,0,0,0%,0%,-7,0,0,0%,0%,0%,0,10000,10,16,Locked
25148853,32,High-velocity,?????,APCR High-Velocity Ammo,-,-,9,0,0,0,0,0%,0%,0,0,0,0%,0%,0%,0,0,0,0,Locked
25171010,76,Buckshot,?????,#000 Buckshot,-,-,15,0,0,0,0,20%,0%,0,0,0,0%,0%,0%,0,10000,10,10,Locked
25262427,130,Exclusive,?????,Gr G36 Hybrid Sight,109843904,Gr G36 Mod,0,8,0,0,0,0%,48%,0,0,0,0%,0%,0%,0,30000,10,16,Locked
25262435,124,Exclusive,?????,Gr G3 Barrel Kit,85815712,Gr G3 Mod,8,0,0,0,0,0%,48%,0,0,0,0%,0%,0%,0,30000,10,6,Locked
25300881,153,Exclusive,?????,VM59 Heavy Barrel,-,-,0,5,0,0,2,0%,22%,0,0,0,0%,0%,0%,0,1,0,2,Locked
25311899,72,Hollow-point,?????,ILM Hollow-Point Ammo,90300702,Px4 Storm,15,0,0,0,0,0%,0%,-7,0,0,0%,0%,0%,0,10000,10,16,Locked
25402129,113,Exclusive,?????,M1895 Suppressor,85555806,M1895 Mod,0,4,14,0,0,0%,20%,0,0,0,0%,0%,0%,0,30000,10,16,Locked
25507071,179,Exclusive,?????,WML & Tactical Handguard,87762802,M950A Mod,0,0,20,0,0,0%,20%,0,0,0,0%,0%,0%,0,30000,10,16,Locked
25507877,40,T-Exo,?????,IOP T4 Exoskeleton,-,-,-7,0,21,0,0,0%,0%,0,0,0,0%,0%,0%,0,1,0,0,Locked
25635075,66,Suppressor,?????,AC4 Suppressor,-,-,0,0,10,0,0,0%,20%,0,0,0,0%,0%,0%,0,10000,10,6,Locked
25762390,20,Armor-piercing,?????,Mk211 High-Explosive Armor-Piercing Ammo,-,-,0,0,0,0,0,0%,0%,180,0,0,0%,0%,0%,0,10000,10,6,Locked
25946998,152,Exclusive,?????,SIG-510 Fire Selector,-,-,5,1,0,0,0,0%,19%,0,0,0,0%,0%,0%,0,1,0,2,Locked
26114503,72,Hollow-point,?????,ILM Hollow-Point Ammo,142948356,Desert Eagle,15,0,0,0,0,0%,0%,-7,0,0,0%,0%,0%,0,10000,10,16,Locked
26145750,58,X-Exo,?????,IOP X4 Exoskeleton,-,-,0,0,20,0,0,0%,0%,0,0,0,0%,0%,0%,0,10000,10,8,Locked
26163106,20,Armor-piercing,?????,Mk211 High-Explosive Armor-Piercing Ammo,-,-,0,0,0,0,0,0%,0%,180,0,0,0%,0%,0%,0,10000,10,15,Locked
26171724,72,Hollow-point,?????,ILM Hollow-Point Ammo,-,-,7,0,0,0,0,0%,0%,-7,0,0,0%,0%,0%,0,0,0,2,Locked
26185456,76,Buckshot,?????,#000 Buckshot,-,-,8,0,0,0,0,12%,0%,0,0,0,0%,0%,0%,0,0,0,0,Locked
26185457,40,T-Exo,?????,IOP T4 Exoskeleton,-,-,-7,0,21,0,0,0%,0%,0,0,0,0%,0%,0%,0,0,0,0,Locked
26196656,76,Buckshot,?????,#000 Buckshot,-,-,8,0,0,0,0,13%,0%,0,0,0,0%,0%,0%,0,0,0,0,Locked
26245327,4,Optical,?????,VFL 6-24X56,-,-,0,0,0,0,0,0%,48%,0,0,0,0%,0%,0%,0,10000,10,1,Locked
26260647,8,Holographic,?????,EOT 518,-,-,4,8,0,0,-5,0%,0%,0,0,0,0%,0%,0%,0,0,0,0,Locked
26268426,4,Optical,?????,VFL 6-24X56,-,-,0,0,0,0,0,0%,48%,0,0,0,0%,0%,0%,0,10000,10,6,Locked
26275637,4,Optical,?????,VFL 6-24X56,-,-,0,0,0,0,0,0%,48%,0,0,0,0%,0%,0%,0,10000,10,6,Locked
26277532,4,Optical,?????,VFL 6-24X56,-,-,0,0,0,0,0,0%,48%,0,0,0,0%,0%,0%,0,10000,10,15,Locked
26338640,135,Exclusive,?????,SP6 Subsonic Ammo,86758353,AS Val Mod,24,0,0,0,0,0%,0%,0,0,0,0%,0%,0%,0,30000,10,5,Locked
26367435,165,Exclusive,?????,Tactical Earphones,-,-,5,0,12,0,5,0%,0%,0,0,0,0%,0%,0%,0,0,0,16,Locked
26493534,40,T-Exo,?????,IOP T4 Exoskeleton,-,-,-6,0,35,0,0,0%,0%,0,0,0,0%,0%,0%,0,10000,10,4,Locked
26518837,72,Hollow-point,?????,ILM Hollow-Point Ammo,126656272,P22,15,0,0,0,0,0%,0%,-7,0,0,0%,0%,0%,0,10000,10,16,Locked
26558928,20,Armor-piercing,?????,Mk211 High-Explosive Armor-Piercing Ammo,-,-,0,0,0,0,0,0%,0%,180,0,0,0%,0%,0%,0,10000,10,13,Locked
26643772,58,X-Exo,?????,IOP X4 Exoskeleton,126656272,P22,0,0,20,0,0,0%,0%,0,0,0,0%,0%,0%,0,10000,10,2,Locked
26643884,150,Exclusive,?????,ZFG42,-,-,0,13,0,0,-1,0%,20%,0,0,0,0%,0%,0%,0,1,0,2,Locked
26652137,92,Exclusive,?????,UMP UX Exoskeleton,-,-,0,0,25,0,0,15%,0%,0,0,0,0%,0%,0%,0,0,0,16,Locked
26667392,92,Exclusive,?????,UMP UX Exoskeleton,86834958,UMP9 Mod,0,0,35,0,0,25%,0%,0,0,0,0%,0%,0%,0,30000,10,16,Locked
26669257,76,Buckshot,?????,#000 Buckshot,-,-,8,0,0,0,0,14%,0%,0,0,0,0%,0%,0%,0,1,0,0,Locked
26737293,4,Optical,?????,VFL 6-24X56,95646918,Gr G11 Mod,0,0,0,0,0,0%,48%,0,0,0,0%,0%,0%,0,10000,10,6,Locked
26761477,187,Exclusive,?????,Antique Kaleidoscope,-,-,0,3,8,0,0,0%,18%,0,0,0,0%,0%,0%,0,2301,3,16,Locked
26780599,183,Exclusive,?????,Duelling Cards,-,-,0,0,0,-3,0,45%,0%,0,0,0,0%,0%,0%,0,30000,10,6,Locked
26799197,186,Exclusive,?????,Bayonet,-,-,15,0,0,0,0,22%,25%,0,0,0,0%,0%,0%,0,30000,10,26,Locked
26823607,184,Exclusive,?????,Fairy Tale Picture Books,-,-,15,0,20,0,0,0%,0%,0,0,0,0%,0%,0%,0,30000,10,6,Locked
26836683,185,Exclusive,?????,Spectacles,-,-,5,3,0,0,0,0%,27%,0,0,0,0%,0%,0%,0,601,1,16,Locked
26838156,8,Holographic,?????,EOT 518,-,-,4,7,0,0,-5,0%,0%,0,0,0,0%,0%,0%,0,0,0,0,Locked
26857261,188,Exclusive,?????,Meteorite,-,-,5,3,0,0,0,0%,27%,0,0,0,0%,0%,0%,0,601,1,21,Locked
26875969,72,Hollow-point,?????,ILM Hollow-Point Ammo,85555806,M1895 Mod,15,0,0,0,0,0%,0%,-7,0,0,0%,0%,0%,0,10000,10,15,Locked
26875970,80,Slug,?????,SABOT Slug,-,-,0,20,0,0,0,0%,0%,0,0,0,0%,0%,0%,0,10000,10,6,Locked
26876164,189,Exclusive,?????,Wristwatch,-,-,5,3,0,0,0,0%,27%,0,0,0,0%,0%,0%,0,601,1,13,Locked
26964712,4,Optical,?????,VFL 6-24X56,86631547,M1918 Mod,0,0,0,0,0,0%,48%,0,0,0,0%,0%,0%,0,10000,10,2,Locked
26964713,4,Optical,?????,VFL 6-24X56,175454342,General Liu,0,0,0,0,0,0%,48%,0,0,0,0%,0%,0%,0,10000,10,5,Locked
27015727,8,Holographic,?????,EOT 518,-,-,4,8,0,0,-5,0%,0%,0,0,0,0%,0%,0%,0,0,0,0,Locked
27050926,16,Night Equipment,?????,PEQ-16A,-,-,0,0,0,0,0,0%,0%,0,0,0,0%,0%,100%,0,0,0,13,Locked
27081591,16,Night Equipment,?????,PEQ-16A,-,-,0,0,0,0,0,0%,0%,0,0,0,0%,0%,95%,0,0,0,8,Locked
27082346,4,Optical,?????,VFL 6-24X56,-,-,0,0,0,0,0,0%,48%,0,0,0,0%,0%,0%,0,10000,10,12,Locked
27097954,4,Optical,?????,VFL 6-24X56,96762451,PKP,0,0,0,0,0,0%,48%,0,0,0,0%,0%,0%,0,10000,10,3,Locked
27119035,95,Hollow-point,?????,16Lab Hollow-Point,86387796,Micro Uzi Mod,15,0,0,0,0,0%,0%,-7,0,0,0%,0%,0%,0,10000,10,0,Locked
27119517,8,Holographic,?????,EOT 518,-,-,5,7,0,0,-5,0%,0%,0,0,0,0%,0%,0%,0,0,0,0,Locked
27149322,110,High-velocity,?????,16Lab High-Velocity Ammo,116995141,Zas M21,20,0,0,0,0,0%,0%,0,0,0,0%,0%,0%,0,10000,10,0,Locked
27152748,80,Slug,?????,SABOT Slug,-,-,0,20,0,0,0,0%,0%,0,0,0,0%,0%,0%,0,10000,10,11,Locked
27171057,16,Night Equipment,?????,PEQ-16A,-,-,0,0,0,0,0,0%,0%,0,0,0,0%,0%,95%,0,0,0,6,Locked
27172029,8,Holographic,?????,EOT 518,-,-,4,7,0,0,-4,0%,0%,0,0,0,0%,0%,0%,0,0,0,0,Locked
27240864,161,Exclusive,?????,Advanced Infantry Sight,-,-,5,0,0,0,0,0%,48%,0,0,0,0%,0%,0%,0,30000,10,16,Locked
27468369,159,Exclusive,?????,Tactical Headwear,-,-,25,0,20,0,0,10%,0%,0,0,0,0%,0%,0%,0,30000,10,3,Locked
27468374,158,Exclusive,?????,Acceleration Coil,-,-,5,0,0,0,0,0%,50%,0,0,0,0%,0%,0%,0,30000,10,16,Locked
27474236,20,Armor-piercing,?????,Mk211 High-Explosive Armor-Piercing Ammo,-,-,0,0,0,0,0,0%,0%,180,0,0,0%,0%,0%,0,10000,10,13,Locked
27672689,20,Armor-piercing,?????,Mk211 High-Explosive Armor-Piercing Ammo,-,-,0,0,0,0,0,0%,0%,180,0,0,0%,0%,0%,0,10000,10,22,Locked
27699035,8,Holographic,?????,EOT 518,-,-,5,7,0,0,-5,0%,0%,0,0,0,0%,0%,0%,0,0,0,0,Locked
27715203,4,Optical,?????,VFL 6-24X56,142964064,Kord,0,0,0,0,0,0%,48%,0,0,0,0%,0%,0%,0,10000,10,12,Locked
27728587,8,Holographic,?????,EOT 518,-,-,5,7,0,0,-5,0%,0%,0,0,0,0%,0%,0%,0,0,0,0,Locked
27733149,12,Red Dot,?????,ITI MARS,-,-,0,14,0,0,-2,0%,0%,0,0,0,0%,0%,0%,0,0,0,0,Locked
27763499,156,Exclusive,?????,AMP COMPSP,86834958,UMP9 Mod,10,15,15,0,0,0%,0%,0,0,0,0%,0%,0%,0,30000,10,16,Locked
27837095,90,Camouflage Cape,?????,Thermoptic Camouflage Cape,-,-,0,0,0,-3,0,24%,0%,0,0,0,0%,0%,0%,0,10000,10,0,Locked
27862277,111,Exclusive,?????,K6-24X56,98777789,Mosin-Nagant Mod,0,6,0,0,0,0%,50%,0,0,0,0%,0%,0%,0,30000,10,6,Locked
27903843,20,Armor-piercing,?????,Mk211 High-Explosive Armor-Piercing Ammo,-,-,0,0,0,0,0,0%,0%,180,0,0,0%,0%,0%,0,10000,10,12,Locked
27926266,16,Night Equipment,?????,PEQ-16A,-,-,0,0,0,0,0,0%,0%,0,0,0,0%,0%,95%,0,0,0,11,Locked
27933365,72,Hollow-point,?????,ILM Hollow-Point Ammo,89945812,RO635 Mod,15,0,0,0,0,0%,0%,-7,0,0,0%,0%,0%,0,10000,10,6,Locked
28014056,58,X-Exo,?????,IOP X4 Exoskeleton,86079519,Grizzly,0,0,20,0,0,0%,0%,0,0,0,0%,0%,0%,0,10000,10,4,Locked
28062032,160,Exclusive,?????,No32 MKI,-,-,0,0,0,0,4,0%,48%,0,0,0,0%,0%,0%,0,30000,10,0,Locked
28137128,16,Night Equipment,?????,PEQ-16A,-,-,0,0,0,0,0,0%,0%,0,0,0,0%,0%,100%,0,1,0,13,Locked
28161905,80,Slug,?????,SABOT Slug,-,-,0,20,0,0,0,0%,0%,0,0,0,0%,0%,0%,0,10000,10,6,Locked
28169019,20,Armor-piercing,?????,Mk211 High-Explosive Armor-Piercing Ammo,-,-,0,0,0,0,0,0%,0%,110,0,0,0%,0%,0%,0,0,0,0,Locked
28200720,72,Hollow-point,?????,ILM Hollow-Point Ammo,-,-,15,0,0,0,0,0%,0%,-7,0,0,0%,0%,0%,0,10000,10,6,Locked
28202594,66,Suppressor,?????,AC4 Suppressor,-,-,0,0,6,0,0,0%,13%,0,0,0,0%,0%,0%,0,0,0,0,Locked
28202595,20,Armor-piercing,?????,Mk211 High-Explosive Armor-Piercing Ammo,-,-,0,0,0,0,0,0%,0%,180,0,0,0%,0%,0%,0,10000,10,3,Locked
28202972,72,Hollow-point,?????,ILM Hollow-Point Ammo,90857347,Five-seven,15,0,0,0,0,0%,0%,-7,0,0,0%,0%,0%,0,10000,10,16,Locked
28208614,20,Armor-piercing,?????,Mk211 High-Explosive Armor-Piercing Ammo,175454342,General Liu,0,0,0,0,0,0%,0%,180,0,0,0%,0%,0%,0,10000,10,6,Locked
28208623,40,T-Exo,?????,IOP T4 Exoskeleton,-,-,-6,0,35,0,0,0%,0%,0,0,0,0%,0%,0%,0,10000,10,6,Locked
28209326,20,Armor-piercing,?????,Mk211 High-Explosive Armor-Piercing Ammo,-,-,0,0,0,0,0,0%,0%,180,0,0,0%,0%,0%,0,10000,10,13,Locked
28243286,16,Night Equipment,?????,PEQ-16A,-,-,0,0,0,0,0,0%,0%,0,0,0,0%,0%,100%,0,0,0,21,Locked
28244700,16,Night Equipment,?????,PEQ-16A,-,-,0,0,0,0,0,0%,0%,0,0,0,0%,0%,100%,0,0,0,7,Locked
28264733,4,Optical,?????,VFL 6-24X56,91323281,S.A.T.8,0,0,0,0,0,0%,48%,0,0,0,0%,0%,0%,0,10000,10,16,Locked
28306126,80,Slug,?????,SABOT Slug,-,-,0,20,0,0,0,0%,0%,0,0,0,0%,0%,0%,0,10000,10,3,Locked
28334627,40,T-Exo,?????,IOP T4 Exoskeleton,-,-,-7,0,20,0,0,0%,0%,0,0,0,0%,0%,0%,0,1,0,0,Locked
28424611,20,Armor-piercing,?????,Mk211 High-Explosive Armor-Piercing Ammo,156637261,RPK-16,0,0,0,0,0,0%,0%,180,0,0,0%,0%,0%,0,10000,10,12,Locked
28472650,72,Hollow-point,?????,ILM Hollow-Point Ammo,85827346,Stechkin Mod,15,0,0,0,0,0%,0%,-7,0,0,0%,0%,0%,0,10000,10,6,Locked
28495717,178,Exclusive,?????,12.7mm 1SL,-,-,10,0,0,0,0,0%,0%,180,0,0,0%,0%,0%,0,30000,10,11,Locked
28542404,72,Hollow-point,?????,ILM Hollow-Point Ammo,103888677,Python,15,0,0,0,0,0%,0%,-7,0,0,0%,0%,0%,0,10000,10,6,Locked
28599728,16,Night Equipment,?????,PEQ-16A,-,-,0,0,0,0,0,0%,0%,0,0,0,0%,0%,95%,0,0,0,2,Locked
28725568,201,Exclusive,?????,Go-Bag "V",-,-,-6,0,35,0,0,0%,0%,0,0,0,0%,0%,0%,0,10000,10,0,Locked
28741747,204,Exclusive,?????,416's Go-Bag,149207033,Agent 416,0,0,20,0,0,0%,0%,0,0,0,0%,0%,0%,0,10000,10,0,Locked
28742819,202,Exclusive,?????,ACOG (4X),149207033,Agent 416,0,0,0,0,0,0%,48%,0,0,0,0%,0%,0%,0,10000,10,0,Locked
28743436,199,Exclusive,?????,Osprey 45 Silencer,-,-,0,0,10,0,0,0%,20%,0,0,0,0%,0%,0%,0,10000,10,0,Locked
28762284,200,Exclusive,?????,.45 Hollow Point Ammo (Incendiary),-,-,15,0,0,0,0,0%,0%,-7,0,0,0%,0%,0%,0,10000,10,0,Locked
28782528,44,Armor Plate,?????,Type 3 Armor Plate,-,-,0,0,-2,0,0,0%,0%,0,11,0,0%,0%,0%,0,10000,10,6,Locked
28796200,170,Exclusive,?????,20mm HEI,-,-,10,0,0,0,0,0%,0%,180,0,0,0%,0%,0%,0,30000,10,16,Locked
28809768,203,Exclusive,?????,556 High-Velocity Ammo (Explosive),149207033,Agent 416,20,0,0,0,0,0%,0%,0,0,0,0%,0%,0%,0,10000,10,0,Locked
28941424,8,Holographic,?????,EOT 518,-,-,4,7,0,0,-5,0%,0%,0,0,0,0%,0%,0%,0,0,0,0,Locked
29014878,66,Suppressor,?????,AC4 Suppressor,-,-,0,0,9,0,0,0%,17%,0,0,0,0%,0%,0%,0,2401,5,6,Locked
29099207,44,Armor Plate,?????,Type 3 Armor Plate,-,-,0,0,-2,0,0,0%,0%,0,11,0,0%,0%,0%,0,10000,10,6,Locked
29126245,4,Optical,?????,VFL 6-24X56,156637261,RPK-16,0,0,0,0,0,0%,48%,0,0,0,0%,0%,0%,0,10000,10,6,Locked
29220544,90,Camouflage Cape,?????,Thermoptic Camouflage Cape,-,-,0,0,0,-3,0,25%,0%,0,0,0,0%,0%,0%,0,10000,10,3,Locked
29235579,66,Suppressor,?????,AC4 Suppressor,-,-,0,0,9,0,0,0%,17%,0,0,0,0%,0%,0%,0,1901,5,16,Locked
29322114,44,Armor Plate,?????,Type 3 Armor Plate,-,-,0,0,-2,0,0,0%,0%,0,11,0,0%,0%,0%,0,10000,10,6,Locked
29404761,16,Night Equipment,?????,PEQ-16A,-,-,0,0,0,0,0,0%,0%,0,0,0,0%,0%,95%,0,1,0,2,Locked
29421133,72,Hollow-point,?????,ILM Hollow-Point Ammo,-,-,7,0,0,0,0,0%,0%,-7,0,0,0%,0%,0%,0,1,0,2,Locked
29623355,58,X-Exo,?????,IOP X4 Exoskeleton,85555806,M1895 Mod,0,0,20,0,0,0%,0%,0,0,0,0%,0%,0%,0,10000,10,6,Locked
29706904,40,T-Exo,?????,IOP T4 Exoskeleton,-,-,-7,0,21,0,0,0%,0%,0,0,0,0%,0%,0%,0,0,0,0,Locked
29716216,171,Exclusive,?????,Tactical Thunderbolt Ahoge,85827346,Stechkin Mod,0,0,20,0,0,0%,20%,0,0,0,0%,0%,0%,0,30000,10,16,Locked
29767081,68,Ammunition Box,?????,IOP Maximum Ammo Box,-,-,0,0,-2,0,0,0%,0%,0,0,0,0%,0%,0%,2,0,0,0,Locked
29834105,68,Ammunition Box,?????,IOP Maximum Ammo Box,-,-,0,0,-2,0,0,0%,0%,0,0,0,0%,0%,0%,2,1,0,0,Locked
29856614,72,Hollow-point,?????,ILM Hollow-Point Ammo,-,-,8,0,0,0,0,0%,0%,-7,0,0,0%,0%,0%,0,1,0,5,Locked
29856618,134,Exclusive,?????,MPL M21,-,-,10,36,0,0,-1,0%,0%,0,0,0,0%,0%,0%,0,30000,10,16,Locked
29857400,40,T-Exo,?????,IOP T4 Exoskeleton,-,-,-6,0,35,0,0,0%,0%,0,0,0,0%,0%,0%,0,10000,10,16,Locked
29880407,44,Armor Plate,?????,Type 3 Armor Plate,-,-,0,0,-2,0,0,0%,0%,0,11,0,0%,0%,0%,0,10000,10,6,Locked
29969412,66,Suppressor,?????,AC4 Suppressor,-,-,0,0,10,0,0,0%,20%,0,0,0,0%,0%,0%,0,10000,10,6,Locked
30074228,58,X-Exo,?????,IOP X4 Exoskeleton,103888677,Python,0,0,20,0,0,0%,0%,0,0,0,0%,0%,0%,0,10000,10,6,Locked
30110210,44,Armor Plate,?????,Type 3 Armor Plate,-,-,0,0,-2,0,0,0%,0%,0,6,0,0%,0%,0%,0,0,0,0,Locked
30126269,20,Armor-piercing,?????,Mk211 High-Explosive Armor-Piercing Ammo,-,-,0,0,0,0,0,0%,0%,180,0,0,0%,0%,0%,0,10000,10,15,Locked
30193340,16,Night Equipment,?????,PEQ-16A,-,-,0,0,0,0,0,0%,0%,0,0,0,0%,0%,95%,0,0,0,2,Locked
30223038,44,Armor Plate,?????,Type 3 Armor Plate,-,-,0,0,-2,0,0,0%,0%,0,11,0,0%,0%,0%,0,10000,10,6,Locked
30241855,90,Camouflage Cape,?????,Thermoptic Camouflage Cape,175454342,General Liu,0,0,0,-3,0,25%,0%,0,0,0,0%,0%,0%,0,10000,10,8,Locked
30277067,112,Exclusive,?????,CT 4X20,-,-,0,15,0,0,-1,0%,15%,0,0,0,0%,0%,0%,0,1,0,16,Locked
30301988,16,Night Equipment,?????,PEQ-16A,-,-,0,0,0,0,0,0%,0%,0,0,0,0%,0%,100%,0,0,0,2,Locked
30336465,157,Exclusive,?????,LED Weapon Light,-,-,10,15,15,0,0,0%,0%,0,0,0,0%,0%,0%,0,30000,10,16,Locked
30353035,58,X-Exo,?????,IOP X4 Exoskeleton,127839554,HS2000,0,0,20,0,0,0%,0%,0,0,0,0%,0%,0%,0,10000,10,2,Locked
30353848,44,Armor Plate,?????,Type 3 Armor Plate,-,-,0,0,-2,0,0,0%,0%,0,11,0,0%,0%,0%,0,10000,10,6,Locked
30371307,72,Hollow-point,?????,ILM Hollow-Point Ammo,127839554,HS2000,15,0,0,0,0,0%,0%,-7,0,0,0%,0%,0%,0,10000,10,6,Locked
30377966,58,X-Exo,?????,IOP X4 Exoskeleton,90857347,Five-seven,0,0,20,0,0,0%,0%,0,0,0,0%,0%,0%,0,10000,10,6,Locked
30377972,20,Armor-piercing,?????,Mk211 High-Explosive Armor-Piercing Ammo,-,-,0,0,0,0,0,0%,0%,180,0,0,0%,0%,0%,0,10000,10,9,Locked
30379139,72,Hollow-point,?????,ILM Hollow-Point Ammo,-,-,7,0,0,0,0,0%,0%,-8,0,0,0%,0%,0%,0,0,0,0,Locked
30379783,58,X-Exo,?????,IOP X4 Exoskeleton,86120475,Contender,0,0,20,0,0,0%,0%,0,0,0,0%,0%,0%,0,10000,10,2,Locked
30379785,66,Suppressor,?????,AC4 Suppressor,86079519,Grizzly,0,0,10,0,0,0%,20%,0,0,0,0%,0%,0%,0,10000,10,6,Locked
30382107,66,Suppressor,?????,AC4 Suppressor,90857347,Five-seven,0,0,10,0,0,0%,20%,0,0,0,0%,0%,0%,0,10000,10,16,Locked
30383454,68,Ammunition Box,?????,IOP Maximum Ammo Box,-,-,0,0,-2,0,0,0%,0%,0,0,0,0%,0%,0%,2,0,0,0,Locked
30383455,68,Ammunition Box,?????,IOP Maximum Ammo Box,-,-,0,0,-2,0,0,0%,0%,0,0,0,0%,0%,0%,2,0,0,0,Locked
30403251,40,T-Exo,?????,IOP T4 Exoskeleton,-,-,-7,0,21,0,0,0%,0%,0,0,0,0%,0%,0%,0,0,0,0,Locked
30430691,131,Exclusive,?????,MGO 6X48,-,-,1,18,0,0,0,0%,16%,0,0,0,0%,0%,0%,0,601,1,3,Locked
30442942,12,Red Dot,?????,ITI MARS,-,-,0,13,0,0,-2,0%,0%,0,0,0,0%,0%,0%,0,0,0,0,Locked
30443887,44,Armor Plate,?????,Type 3 Armor Plate,91323281,S.A.T.8,0,0,-2,0,0,0%,0%,0,11,0,0%,0%,0%,0,10000,10,2,Locked
30445315,16,Night Equipment,?????,PEQ-16A,-,-,0,0,0,0,0,0%,0%,0,0,0,0%,0%,100%,0,0,0,10,Locked
30447228,16,Night Equipment,?????,PEQ-16A,-,-,0,0,0,0,0,0%,0%,0,0,0,0%,0%,100%,0,0,0,8,Locked
30523984,104,Exclusive,?????,Fire Selector,86273445,FF FN49 Mod,0,0,0,0,5,0%,48%,0,0,0,0%,0%,0%,0,30000,10,16,Locked
30587132,68,Ammunition Box,?????,IOP Maximum Ammo Box,-,-,0,0,-2,0,0,0%,0%,0,0,0,0%,0%,0%,2,0,0,0,Locked
30602791,90,Camouflage Cape,?????,Thermoptic Camouflage Cape,-,-,0,0,0,-3,0,12%,0%,0,0,0,0%,0%,0%,0,0,0,0,Locked
30609491,16,Night Equipment,?????,PEQ-16A,-,-,0,0,0,0,0,0%,0%,0,0,0,0%,0%,100%,0,0,0,14,Locked
30609492,66,Suppressor,?????,AC4 Suppressor,-,-,0,0,6,0,0,0%,14%,0,0,0,0%,0%,0%,0,0,0,0,Locked
30638014,68,Ammunition Box,?????,IOP Maximum Ammo Box,-,-,0,0,-2,0,0,0%,0%,0,0,0,0%,0%,0%,2,1,0,0,Locked
30651507,16,Night Equipment,?????,PEQ-16A,-,-,0,0,0,0,0,0%,0%,0,0,0,0%,0%,100%,0,0,0,3,Locked
30758121,174,Exclusive,?????,FRAG-12 High Explosive Rounds,-,-,15,20,0,0,0,0%,0%,0,0,0,0%,0%,0%,0,30000,10,0,Locked
30954592,72,Hollow-point,?????,ILM Hollow-Point Ammo,-,-,8,0,0,0,0,0%,0%,-8,0,0,0%,0%,0%,0,1,0,0,Locked
30962395,40,T-Exo,?????,IOP T4 Exoskeleton,87762802,M950A Mod,-6,0,35,0,0,0%,0%,0,0,0,0%,0%,0%,0,10000,10,16,Locked
30992014,128,Exclusive,?????,STEN Suppressor,85558012,STEN Mk? Mod,0,0,15,0,0,0%,20%,0,0,0,0%,0%,0%,0,30000,10,6,Locked
31010643,20,Armor-piercing,?????,Mk211 High-Explosive Armor-Piercing Ammo,-,-,0,0,0,0,0,0%,0%,113,0,0,0%,0%,0%,0,1,0,0,Locked
31065078,16,Night Equipment,?????,PEQ-16A,-,-,0,0,0,0,0,0%,0%,0,0,0,0%,0%,100%,0,0,0,13,Locked
31069215,44,Armor Plate,?????,Type 3 Armor Plate,-,-,0,0,-2,0,0,0%,0%,0,11,0,0%,0%,0%,0,10000,10,6,Locked
31171251,115,Exclusive,?????,Digital Camouflage,85963191,SV-98 Mod,6,0,0,-3,0,25%,0%,0,0,0,0%,0%,0%,0,30000,10,6,Locked
31172647,136,Exclusive,?????,7.92 KURZ,85802614,StG44 Mod,24,0,0,0,0,0%,0%,0,0,0,0%,0%,0%,0,30000,10,5,Locked
31257075,16,Night Equipment,?????,PEQ-16A,-,-,0,0,0,0,0,0%,0%,0,0,0,0%,0%,100%,0,0,0,16,Locked
31308828,58,X-Exo,?????,IOP X4 Exoskeleton,-,-,0,0,9,0,0,0%,0%,0,0,0,0%,0%,0%,0,0,0,0,Locked
31353917,16,Night Equipment,?????,PEQ-16A,-,-,0,0,0,0,0,0%,0%,0,0,0,0%,0%,100%,0,0,0,16,Locked
31353921,66,Suppressor,?????,AC4 Suppressor,-,-,0,0,6,0,0,0%,13%,0,0,0,0%,0%,0%,0,0,0,0,Locked
31425104,16,Night Equipment,?????,PEQ-16A,-,-,0,0,0,0,0,0%,0%,0,0,0,0%,0%,94%,0,0,0,1,Locked
31454033,16,Night Equipment,?????,PEQ-16A,-,-,0,0,0,0,0,0%,0%,0,0,0,0%,0%,93%,0,0,0,0,Locked
31469115,90,Camouflage Cape,?????,Thermoptic Camouflage Cape,-,-,0,0,0,-3,0,11%,0%,0,0,0,0%,0%,0%,0,0,0,0,Locked
31511897,16,Night Equipment,?????,PEQ-16A,-,-,0,0,0,0,0,0%,0%,0,0,0,0%,0%,95%,0,0,0,2,Locked
31612693,16,Night Equipment,?????,PEQ-16A,-,-,0,0,0,0,0,0%,0%,0,0,0,0%,0%,100%,0,1,0,6,Locked
31630881,4,Optical,?????,VFL 6-24X56,-,-,0,0,0,0,0,0%,22%,0,0,0,0%,0%,0%,0,0,0,0,Locked
31665264,176,Exclusive,?????,7N31,130961942,GSh-18 Mod,15,0,0,0,3,0%,0%,35,0,0,0%,0%,0%,0,30000,10,6,Locked
31688886,16,Night Equipment,?????,PEQ-16A,-,-,0,0,0,0,0,0%,0%,0,0,0,0%,0%,92%,0,0,0,0,Locked
31699643,12,Red Dot,?????,ITI MARS,-,-,0,14,0,0,-2,0%,0%,0,0,0,0%,0%,0%,0,0,0,0,Locked
31702718,8,Holographic,?????,EOT 518,-,-,4,8,0,0,-5,0%,0%,0,0,0,0%,0%,0%,0,0,0,0,Locked
31750896,177,Exclusive,?????,MGP Upgrade Kit,87136466,M500 Mod,0,30,0,0,-1,24%,0%,0,0,0,0%,0%,0%,0,30000,10,16,Locked
31842071,16,Night Equipment,?????,PEQ-16A,-,-,0,0,0,0,0,0%,0%,0,0,0,0%,0%,94%,0,0,0,1,Locked
31842072,16,Night Equipment,?????,PEQ-16A,-,-,0,0,0,0,0,0%,0%,0,0,0,0%,0%,95%,0,0,0,1,Locked
31975770,12,Red Dot,?????,ITI MARS,-,-,0,14,0,0,-2,0%,0%,0,0,0,0%,0%,0%,0,0,0,0,Locked
32218336,123,Exclusive,?????,Bren L4 Barrel Kit,-,-,3,16,0,0,0,0%,16%,0,0,0,0%,0%,0%,0,601,1,8,Locked
32223527,166,Exclusive,?????,DO Reflex Sight,-,-,5,9,0,0,-4,0%,0%,0,0,0,0%,0%,0%,0,1,0,3,Locked
32326058,66,Suppressor,?????,AC4 Suppressor,-,-,0,0,6,0,0,0%,12%,0,0,0,0%,0%,0%,0,0,0,0,Locked
32402753,80,Slug,?????,SABOT Slug,-,-,0,20,0,0,0,0%,0%,0,0,0,0%,0%,0%,0,10000,10,11,Locked
32415673,66,Suppressor,?????,AC4 Suppressor,-,-,0,0,6,0,0,0%,13%,0,0,0,0%,0%,0%,0,0,0,0,Locked
32417419,80,Slug,?????,SABOT Slug,-,-,0,20,0,0,0,0%,0%,0,0,0,0%,0%,0%,0,10000,10,4,Locked
32454932,8,Holographic,?????,EOT 518,-,-,5,7,0,0,-5,0%,0%,0,0,0,0%,0%,0%,0,0,0,0,Locked
32457546,80,Slug,?????,SABOT Slug,-,-,0,20,0,0,0,0%,0%,0,0,0,0%,0%,0%,0,10000,10,1,Locked
32498997,4,Optical,?????,VFL 6-24X56,-,-,0,0,0,0,0,0%,20%,0,0,0,0%,0%,0%,0,0,0,0,Locked
32531800,80,Slug,?????,SABOT Slug,-,-,0,20,0,0,0,0%,0%,0,0,0,0%,0%,0%,0,10000,10,8,Locked
32545754,80,Slug,?????,SABOT Slug,-,-,0,20,0,0,0,0%,0%,0,0,0,0%,0%,0%,0,10000,10,6,Locked
32557946,95,Hollow-point,?????,16Lab Hollow-Point,101204909,Vector,15,0,0,0,0,0%,0%,-7,0,0,0%,0%,0%,0,10000,10,0,Locked
32558217,102,Exclusive,?????,Performance+ Cartridge,85636401,IDW Mod,-6,0,37,0,3,0%,0%,0,0,0,0%,0%,0%,0,30000,10,26,Locked
32558225,103,Exclusive,?????,Type 64 Exclusive Suppressor,-,-,0,0,11,0,0,0%,15%,0,0,0,0%,0%,0%,0,601,1,16,Locked
32569631,66,Suppressor,?????,AC4 Suppressor,-,-,0,0,6,0,0,0%,13%,0,0,0,0%,0%,0%,0,1,0,0,Locked
32570591,110,High-velocity,?????,16Lab High-Velocity Ammo,95646918,Gr G11 Mod,20,0,0,0,0,0%,0%,0,0,0,0%,0%,0%,0,10000,10,0,Locked
32587922,167,Exclusive,?????,C96 Oak Stock,86611605,C96 Mod,0,0,20,0,0,0%,25%,0,0,0,0%,0%,0%,0,30000,10,6,Locked
32694879,80,Slug,?????,SABOT Slug,-,-,0,20,0,0,0,0%,0%,0,0,0,0%,0%,0%,0,10000,10,4,Locked
32694880,80,Slug,?????,SABOT Slug,-,-,0,20,0,0,0,0%,0%,0,0,0,0%,0%,0%,0,10000,10,4,Locked
32716843,198,Exclusive,?????,Wooden Grips,-,-,0,0,20,0,0,0%,30%,0,0,0,0%,0%,0%,0,30000,10,6,Locked
32746108,40,T-Exo,?????,IOP T4 Exoskeleton,-,-,-6,0,35,0,0,0%,0%,0,0,0,0%,0%,0%,0,10000,10,6,Locked
32759007,72,Hollow-point,?????,ILM Hollow-Point Ammo,-,-,8,0,0,0,0,0%,0%,-8,0,0,0%,0%,0%,0,0,0,0,Locked
32791887,80,Slug,?????,SABOT Slug,-,-,0,20,0,0,0,0%,0%,0,0,0,0%,0%,0%,0,10000,10,6,Locked
32822858,80,Slug,?????,SABOT Slug,-,-,0,20,0,0,0,0%,0%,0,0,0,0%,0%,0%,0,10000,10,6,Locked
32833333,20,Armor-piercing,?????,Mk211 High-Explosive Armor-Piercing Ammo,-,-,0,0,0,0,0,0%,0%,112,0,0,0%,0%,0%,0,0,0,0,Locked
32862016,221,Exclusive,?????,Magnetic Accelerated Rounds,-,-,5,0,0,0,0,0%,0%,180,0,0,0%,0%,0%,0,30000,10,16,Locked
32862020,195,Exclusive,?????,.357 Jacketed Hollow Point Rounds,-,-,20,0,0,0,0,0%,0%,-7,0,0,0%,0%,0%,0,30000,10,6,Locked
32862026,181,Exclusive,?????,RIP380ACP,-,-,20,0,0,0,-4,0%,0%,-7,0,0,0%,0%,0%,0,30000,10,6,Locked
32896556,180,Exclusive,?????,Tactical Grip,-,-,0,0,12,0,0,0%,15%,0,0,0,0%,0%,0%,0,601,1,16,Locked
32939926,76,Buckshot,?????,#000 Buckshot,-,-,8,0,0,0,0,11%,0%,0,0,0,0%,0%,0%,0,0,0,0,Locked
32946227,80,Slug,?????,SABOT Slug,-,-,0,20,0,0,0,0%,0%,0,0,0,0%,0%,0%,0,10000,10,7,Locked
32972085,66,Suppressor,?????,AC4 Suppressor,-,-,0,0,7,0,0,0%,14%,0,0,0,0%,0%,0%,0,1,0,0,Locked
33008321,90,Camouflage Cape,?????,Thermoptic Camouflage Cape,-,-,0,0,0,-3,0,11%,0%,0,0,0,0%,0%,0%,0,1,0,0,Locked
33038041,194,Exclusive,?????,Tactical Rails,-,-,0,0,12,0,0,0%,15%,0,0,0,0%,0%,0%,0,601,1,12,Locked
33038042,196,Exclusive,?????,Tactical Folding Stock,-,-,1,0,7,0,0,0%,0%,0,0,0,0%,0%,0%,0,1,0,0,Locked
33051603,80,Slug,?????,SABOT Slug,-,-,0,20,0,0,0,0%,0%,0,0,0,0%,0%,0%,0,10000,10,9,Locked
33090860,80,Slug,?????,SABOT Slug,-,-,0,20,0,0,0,0%,0%,0,0,0,0%,0%,0%,0,10000,10,5,Locked
33104337,80,Slug,?????,SABOT Slug,-,-,0,20,0,0,0,0%,0%,0,0,0,0%,0%,0%,0,10000,10,6,Locked
33113540,76,Buckshot,?????,#000 Buckshot,-,-,8,0,0,0,0,11%,0%,0,0,0,0%,0%,0%,0,0,0,0,Locked
33125089,254,Exclusive,?????,Donut of Sweet Dreams,-,-,0,0,0,-3,0,45%,0%,0,0,0,0%,0%,0%,0,30000,10,7,Locked
33156205,252,Exclusive,?????,Grimoire Vol. II,-,-,10,5,0,0,0,0%,50%,0,0,0,0%,0%,0%,0,30000,10,16,Locked
33167573,253,Exclusive,?????,Miraculous Curry Ladle,-,-,10,0,36,0,0,0%,0%,0,0,0,0%,0%,0%,0,30000,10,16,Locked
33178794,255,Exclusive,?????,Paper Bag Helmet,-,-,18,0,0,0,25,-50%,0%,0,0,0,0%,0%,0%,0,30000,10,16,Locked
33190063,251,Exclusive,?????,Demonic Bell,-,-,0,36,5,0,0,0%,0%,0,0,0,0%,0%,0%,0,30000,10,16,Locked
33191708,32,High-velocity,?????,APCR High-Velocity Ammo,-,-,10,0,0,0,0,0%,0%,0,0,0,0%,0%,0%,0,0,0,0,Locked
33208858,32,High-velocity,?????,APCR High-Velocity Ammo,-,-,9,0,0,0,0,0%,0%,0,0,0,0%,0%,0%,0,0,0,0,Locked
33243609,206,Exclusive,?????,12-gauge Flechette Rounds,-,-,18,12,0,0,0,0%,0%,0,0,0,0%,0%,0%,0,30000,10,8,Locked
33257361,207,Exclusive,?????,PT-3 Stock,-,-,2,0,11,0,0,0%,0%,0,0,0,0%,0%,0%,0,1201,1,6,Locked
33258567,220,Exclusive,?????,Special Steel Buttstock,-,-,0,17,0,0,0,5%,16%,0,0,0,0%,0%,0%,0,601,1,6,Locked
33258568,209,Exclusive,?????,Triangular Bayonet,-,-,3,0,0,0,0,0%,17%,0,0,0,0%,0%,0%,0,1,0,0,Locked
33281427,32,High-velocity,?????,APCR High-Velocity Ammo,-,-,8,0,0,0,0,0%,0%,0,0,0,0%,0%,0%,0,0,0,0,Locked
33292250,32,High-velocity,?????,APCR High-Velocity Ammo,-,-,8,0,0,0,0,0%,0%,0,0,0,0%,0%,0%,0,0,0,0,Locked
33295173,205,Exclusive,?????,Galil Special Handguards,-,-,10,5,-5,0,0,0%,0%,0,0,0,0%,0%,0%,0,1026,1,11,Locked
33388211,90,Camouflage Cape,?????,Thermoptic Camouflage Cape,-,-,0,0,0,-3,0,12%,0%,0,0,0,0%,0%,0%,0,0,0,0,Locked
33429482,229,SLAP,?????,Mk1000 SLAP,-,-,0,0,0,0,-5,0%,0%,243,0,0,0%,0%,0%,0,0,0,0,Locked
33488964,211,Exclusive,?????,Arisaka AP Rounds,-,-,10,0,0,0,0,0%,0%,180,0,0,0%,0%,0%,0,30000,10,26,Locked
33524598,223,RMR,????,RMR T2 Red Dot Sight,-,-,0,8,0,0,0,0%,10%,0,0,0,0%,0%,0%,0,0,0,0,Locked
33563986,233,Chipset,????,#1 Processor,-,-,10,0,0,0,16,-50%,0%,0,0,0,0%,0%,0%,0,5000,10,5,Locked
33578967,234,Chipset,?????,#2 Processor,86387796,Micro Uzi Mod,15,0,0,0,25,-50%,0%,0,0,0,0%,0%,0%,0,10000,10,16,Locked
33590068,58,X-Exo,?????,IOP X4 Exoskeleton,-,-,0,0,9,0,0,0%,0%,0,0,0,0%,0%,0%,0,1,0,0,Locked
33609822,234,Chipset,?????,#2 Processor,101204909,Vector,15,0,0,0,25,-50%,0%,0,0,0,0%,0%,0%,0,10000,10,16,Locked
33663807,219,Exclusive,?????,Experimental Curved Barrel,-,-,2,0,11,0,0,0%,0%,0,0,0,0%,0%,0%,0,601,1,6,Locked
33663810,210,Exclusive,?????,SCW Buttstock,-,-,0,0,6,0,0,0%,12%,0,0,0,0%,0%,0%,0,1,0,0,Locked
33668423,40,T-Exo,?????,IOP T4 Exoskeleton,-,-,-7,0,21,0,0,0%,0%,0,0,0,0%,0%,0%,0,1,0,0,Locked
33671363,228,SLAP,????,Mk900 SLAP,-,-,0,0,0,0,-5,0%,0%,198,0,0,0%,0%,0%,0,0,0,0,Locked
33687217,229,SLAP,?????,Mk1000 SLAP,-,-,0,0,0,0,-5,0%,0%,242,0,0,0%,0%,0%,0,0,0,0,Locked
33687868,229,SLAP,?????,Mk1000 SLAP,-,-,0,0,0,0,-5,0%,0%,500,0,0,0%,0%,0%,0,10000,10,16,Locked
33687898,229,SLAP,?????,Mk1000 SLAP,-,-,0,0,0,0,-5,0%,0%,242,0,0,0%,0%,0%,0,0,0,0,Locked
33688036,234,Chipset,?????,#2 Processor,-,-,15,0,0,0,25,-50%,0%,0,0,0,0%,0%,0%,0,10000,10,6,Locked
33688162,234,Chipset,?????,#2 Processor,-,-,8,0,0,0,14,-50%,0%,0,0,0,0%,0%,0%,0,0,0,0,Locked
33688202,224,RMR,?????,RMR T4 Red Dot Sight,127839554,HS2000,0,20,0,0,0,0%,30%,0,0,0,0%,0%,0%,0,10000,10,6,Locked
33688297,234,Chipset,?????,#2 Processor,-,-,9,0,0,0,13,-50%,0%,0,0,0,0%,0%,0%,0,0,0,0,Locked
33688334,234,Chipset,?????,#2 Processor,-,-,8,0,0,0,13,-50%,0%,0,0,0,0%,0%,0%,0,0,0,0,Locked
33688349,32,High-velocity,?????,APCR High-Velocity Ammo,-,-,8,0,0,0,0,0%,0%,0,0,0,0%,0%,0%,0,0,0,0,Locked
33689868,234,Chipset,?????,#2 Processor,-,-,9,0,0,0,12,-50%,0%,0,0,0,0%,0%,0%,0,0,0,0,Locked
33689965,40,T-Exo,?????,IOP T4 Exoskeleton,-,-,-7,0,20,0,0,0%,0%,0,0,0,0%,0%,0%,0,0,0,0,Locked
33690328,224,RMR,?????,RMR T4 Red Dot Sight,-,-,0,20,0,0,0,0%,30%,0,0,0,0%,0%,0%,0,10000,10,3,Locked
33690361,234,Chipset,?????,#2 Processor,-,-,8,0,0,0,13,-50%,0%,0,0,0,0%,0%,0%,0,0,0,0,Locked
33691124,224,RMR,?????,RMR T4 Red Dot Sight,142948356,Desert Eagle,0,20,0,0,0,0%,30%,0,0,0,0%,0%,0%,0,10000,10,16,Locked
33692136,20,Armor-piercing,?????,Mk211 High-Explosive Armor-Piercing Ammo,-,-,0,0,0,0,0,0%,0%,113,0,0,0%,0%,0%,0,0,0,0,Locked
33692424,32,High-velocity,?????,APCR High-Velocity Ammo,-,-,9,0,0,0,0,0%,0%,0,0,0,0%,0%,0%,0,0,0,0,Locked
33692430,227,M1022 AP,?????,M1022 Sniper Rounds,86631547,M1918 Mod,10,0,0,0,0,0%,0%,120,0,0,0%,0%,0%,0,10000,10,26,Locked
33692810,58,X-Exo,?????,IOP X4 Exoskeleton,-,-,0,0,9,0,0,0%,0%,0,0,0,0%,0%,0%,0,0,0,0,Locked
33694185,224,RMR,?????,RMR T4 Red Dot Sight,103888677,Python,0,20,0,0,0,0%,30%,0,0,0,0%,0%,0%,0,10000,10,16,Locked
33694208,234,Chipset,?????,#2 Processor,-,-,8,0,0,0,13,-50%,0%,0,0,0,0%,0%,0%,0,0,0,0,Locked
33694274,58,X-Exo,?????,IOP X4 Exoskeleton,-,-,0,0,9,0,0,0%,0%,0,0,0,0%,0%,0%,0,0,0,0,Locked
33696246,8,Holographic,?????,EOT 518,-,-,4,7,0,0,-5,0%,0%,0,0,0,0%,0%,0%,0,0,0,0,Locked
33696262,8,Holographic,?????,EOT 518,-,-,4,7,0,0,-5,0%,0%,0,0,0,0%,0%,0%,0,0,0,0,Locked
33696273,227,M1022 AP,?????,M1022 Sniper Rounds,96762451,PKP,10,0,0,0,0,0%,0%,120,0,0,0%,0%,0%,0,10000,10,24,Locked
33696538,20,Armor-piercing,?????,Mk211 High-Explosive Armor-Piercing Ammo,-,-,0,0,0,0,0,0%,0%,113,0,0,0%,0%,0%,0,0,0,0,Locked
33697125,20,Armor-piercing,?????,Mk211 High-Explosive Armor-Piercing Ammo,-,-,0,0,0,0,0,0%,0%,114,0,0,0%,0%,0%,0,0,0,0,Locked
33697126,229,SLAP,?????,Mk1000 SLAP,-,-,0,0,0,0,-5,0%,0%,242,0,0,0%,0%,0%,0,0,0,0,Locked
33718814,72,Hollow-point,?????,ILM Hollow-Point Ammo,-,-,8,0,0,0,0,0%,0%,-8,0,0,0%,0%,0%,0,0,0,0,Locked
33718819,40,T-Exo,?????,IOP T4 Exoskeleton,-,-,-6,0,23,0,0,0%,0%,0,0,0,0%,0%,0%,0,0,0,0,Locked
33720101,40,T-Exo,?????,IOP T4 Exoskeleton,-,-,-7,0,21,0,0,0%,0%,0,0,0,0%,0%,0%,0,0,0,0,Locked
33720110,224,RMR,?????,RMR T4 Red Dot Sight,86120475,Contender,0,20,0,0,0,0%,30%,0,0,0,0%,0%,0%,0,10000,10,8,Locked
33720859,76,Buckshot,?????,#000 Buckshot,-,-,8,0,0,0,0,12%,0%,0,0,0,0%,0%,0%,0,0,0,0,Locked
33721344,234,Chipset,?????,#2 Processor,-,-,8,0,0,0,12,-50%,0%,0,0,0,0%,0%,0%,0,0,0,0,Locked
33721349,76,Buckshot,?????,#000 Buckshot,-,-,8,0,0,0,0,10%,0%,0,0,0,0%,0%,0%,0,0,0,0,Locked
33723207,20,Armor-piercing,?????,Mk211 High-Explosive Armor-Piercing Ammo,-,-,0,0,0,0,0,0%,0%,112,0,0,0%,0%,0%,0,0,0,0,Locked
33724487,234,Chipset,?????,#2 Processor,-,-,8,0,0,0,12,-50%,0%,0,0,0,0%,0%,0%,0,0,0,0,Locked
33725671,225,Flare,?????,Signal Flare,87762802,M950A Mod,0,0,0,0,-1,0%,0%,0,0,0,0%,0%,0%,0,0,0,7,Locked
33729322,226,M1022 AP,????,M33 Sniper Rounds,-,-,1,0,0,0,0,0%,0%,55,0,0,0%,0%,0%,0,0,0,0,Locked
33729324,32,High-velocity,?????,APCR High-Velocity Ammo,-,-,10,0,0,0,0,0%,0%,0,0,0,0%,0%,0%,0,0,0,0,Locked
33755023,266,Exclusive,?????,ImpulsIIA/C,90300702,Px4 Storm,0,0,25,0,0,0%,20%,0,0,0,0%,0%,0%,0,30000,10,13,Locked
33758589,72,Hollow-point,?????,ILM Hollow-Point Ammo,-,-,7,0,0,0,0,0%,0%,-7,0,0,0%,0%,0%,0,0,0,0,Locked
33758599,227,M1022 AP,?????,M1022 Sniper Rounds,142964064,Kord,10,0,0,0,0,0%,0%,120,0,0,0%,0%,0%,0,10000,10,6,Locked
33760085,232,Chipset,???,Experimental Processor,-,-,2,0,0,0,3,-50%,0%,0,0,0,0%,0%,0%,0,0,0,0,Locked
33789760,222,RMR,???,RMR Red Dot Sight,-,-,0,3,0,0,0,0%,7%,0,0,0,0%,0%,0%,0,0,0,0,Locked
33790146,8,Holographic,?????,EOT 518,-,-,4,7,0,0,-5,0%,0%,0,0,0,0%,0%,0%,0,0,0,0,Locked
33803611,4,Optical,?????,VFL 6-24X56,-,-,0,0,0,0,0,0%,23%,0,0,0,0%,0%,0%,0,0,0,0,Locked
33844912,76,Buckshot,?????,#000 Buckshot,-,-,7,0,0,0,0,11%,0%,0,0,0,0%,0%,0%,0,0,0,0,Locked
33892242,76,Buckshot,?????,#000 Buckshot,-,-,8,0,0,0,0,11%,0%,0,0,0,0%,0%,0%,0,0,0,0,Locked
33916777,58,X-Exo,?????,IOP X4 Exoskeleton,-,-,0,0,8,0,0,0%,0%,0,0,0,0%,0%,0%,0,0,0,0,Locked
33929957,208,Exclusive,?????,SPP,-,-,0,0,0,0,0,3%,22%,0,0,0,0%,0%,0%,0,1,0,0,Locked
33970873,216,Exclusive,?????,20-gauge Custom Slug Rounds,-,-,15,0,0,0,0,0%,30%,0,0,0,0%,0%,0%,0,30000,10,16,Locked
33996929,20,Armor-piercing,?????,Mk211 High-Explosive Armor-Piercing Ammo,-,-,0,0,0,0,0,0%,0%,114,0,0,0%,0%,0%,0,0,0,0,Locked
34020293,259,Exclusive,?????,Old Camouflage Uniform,-,-,0,0,0,0,0,27%,0%,0,0,0,0%,0%,0%,0,601,1,8,Locked
34024000,234,Chipset,?????,#2 Processor,-,-,8,0,0,0,15,-50%,0%,0,0,0,0%,0%,0%,0,0,0,0,Locked
34094593,190,Exclusive,?????,G-box,95646918,Gr G11 Mod,20,10,0,0,0,25%,0%,0,0,0,0%,0%,0%,0,30000,10,2,Locked
34094628,192,Exclusive,?????,Beloved Dangle,89945812,RO635 Mod,-6,0,45,0,0,0%,0%,0,0,0,0%,0%,0%,0,30000,10,16,Locked
34171353,72,Hollow-point,?????,ILM Hollow-Point Ammo,-,-,8,0,0,0,0,0%,0%,-8,0,0,0%,0%,0%,0,0,0,0,Locked
34185411,80,Slug,?????,SABOT Slug,-,-,0,9,0,0,0,0%,0%,0,0,0,0%,0%,0%,0,0,0,0,Locked
34244452,230,Birdshot,????,#6 Birdshot,-,-,0,0,0,0,3,-22%,0%,0,0,0,0%,0%,0%,0,0,0,0,Locked
34255588,66,Suppressor,?????,AC4 Suppressor,-,-,0,0,7,0,0,0%,13%,0,0,0,0%,0%,0%,0,1,0,0,Locked
34310047,234,Chipset,?????,#2 Processor,-,-,8,0,0,0,14,-50%,0%,0,0,0,0%,0%,0%,0,0,0,0,Locked
34312509,193,Exclusive,?????,Tactical Riot Shield,95331416,Type97S Mod,0,0,2,0,0,0%,0%,0,9,0,0%,0%,0%,0,10876,6,6,Locked
34377502,80,Slug,?????,SABOT Slug,-,-,0,11,0,0,0,0%,0%,0,0,0,0%,0%,0%,0,0,0,0,Locked
34378235,58,X-Exo,?????,IOP X4 Exoskeleton,-,-,0,0,9,0,0,0%,0%,0,0,0,0%,0%,0%,0,1,0,0,Locked
34389522,236,Exclusive,?????,Thompson's Exoskeleton,-,-,-8,0,26,0,0,0%,0%,0,0,0,0%,0%,0%,0,901,1,3,Locked
34391091,234,Chipset,?????,#2 Processor,-,-,8,0,0,0,13,-50%,0%,0,0,0,0%,0%,0%,0,0,0,0,Locked
34391092,234,Chipset,?????,#2 Processor,-,-,8,0,0,0,13,-50%,0%,0,0,0,0%,0%,0%,0,0,0,0,Locked
34406056,265,Exclusive,?????,Synthetic Pistol Grip,-,-,3,12,0,0,0,0%,0%,0,0,0,0%,0%,0%,0,1,0,0,Locked
34422901,191,Exclusive,?????,ACS-L,-,-,3,0,0,0,0,0%,19%,0,0,0,0%,0%,0%,0,1,0,0,Locked
34464238,16,Night Equipment,?????,PEQ-16A,-,-,0,0,0,0,0,0%,0%,0,0,0,0%,0%,93%,0,0,0,0,Locked
34475588,88,Camouflage Cape,???,Camouflage Cape,-,-,0,0,0,-3,0,5%,0%,0,0,0,0%,0%,0%,0,0,0,0,
34475589,42,Armor Plate,???,Type 1 Armor Plate,-,-,0,0,-1,0,0,0%,0%,0,3,0,0%,0%,0%,0,0,0,0,
34475590,73,Buckshot,??,#1 Buckshot,-,-,1,0,0,0,0,3%,0%,0,0,0,0%,0%,0%,0,0,0,0,
34475592,6,Holographic,???,EOT 512,-,-,1,2,0,0,-2,0%,0%,0,0,0,0%,0%,0%,0,0,0,0,
34475625,42,Armor Plate,???,Type 1 Armor Plate,-,-,0,0,-1,0,0,0%,0%,0,3,0,0%,0%,0%,0,0,0,0,
34475627,10,Red Dot,???,AMP COMPM4,-,-,0,4,0,0,-1,0%,0%,0,0,0,0%,0%,0%,0,0,0,0,
34475631,77,Slug,??,BK Slug,-,-,0,1,0,0,0,0%,0%,0,0,0,0%,0%,0%,0,0,0,0,
34475635,87,Camouflage Cape,??,Ragged Cape,-,-,0,0,0,-3,0,3%,0%,0,0,0,0%,0%,0%,0,0,0,0,
34475689,1,Optical,??,BM 3-12X40,-,-,0,0,0,0,0,0%,6%,0,0,0,0%,0%,0%,0,0,0,0,
34475695,10,Red Dot,???,AMP COMPM4,-,-,0,5,0,0,-1,0%,0%,0,0,0,0%,0%,0%,0,0,0,0,
34475700,63,Suppressor,??,AC1 Suppressor,-,-,0,0,2,0,0,0%,4%,0,0,0,0%,0%,0%,0,0,0,0,
34475701,5,Holographic,??,EOT 506,-,-,1,1,0,0,-1,0%,0%,0,0,0,0%,0%,0%,0,0,0,0,
34475706,11,Red Dot,????,COG M150,-,-,0,8,0,0,-2,0%,0%,0,0,0,0%,0%,0%,0,0,0,0,
34475731,14,Night Equipment,???,PEQ-5,-,-,0,0,0,0,0,0%,0%,0,0,0,0%,0%,66%,0,0,0,0,
34475732,73,Buckshot,??,#1 Buckshot,-,-,1,0,0,0,0,3%,0%,0,0,0,0%,0%,0%,0,0,0,0,
34475734,87,Camouflage Cape,??,Ragged Cape,-,-,0,0,0,-3,0,3%,0%,0,0,0,0%,0%,0%,0,0,0,0,
34475740,77,Slug,??,BK Slug,-,-,0,1,0,0,0,0%,0%,0,0,0,0%,0%,0%,0,0,0,0,
34475753,13,Night Equipment,??,PEQ-2,-,-,0,0,0,0,0,0%,0%,0,0,0,0%,0%,51%,0,0,0,0,
34475759,77,Slug,??,BK Slug,-,-,0,1,0,0,0,0%,0%,0,0,0,0%,0%,0%,0,0,0,0,
34475767,17,Armor-piercing,??,M61 Armor-Piercing Ammo,-,-,0,0,0,0,0,0%,0%,47,0,0,0%,0%,0%,0,0,0,0,
34475768,29,High-velocity,??,FMJ High-Velocity Ammo,-,-,2,0,0,0,0,0%,0%,0,0,0,0%,0%,0%,0,0,0,0,
34475774,7,Holographic,????,EOT 516,-,-,2,3,0,0,-3,0%,0%,0,0,0,0%,0%,0%,0,0,0,0,
34475796,38,T-Exo,???,IOP T2 Exoskeleton,-,-,-3,0,10,0,0,0%,0%,0,0,0,0%,0%,0%,0,0,0,0,
34475798,56,X-Exo,???,IOP X2 Exoskeleton,-,-,0,0,4,0,0,0%,0%,0,0,0,0%,0%,0%,0,0,0,0,
34475805,37,T-Exo,??,IOP T1 Exoskeleton,-,-,-1,0,6,0,0,0%,0%,0,0,0,0%,0%,0%,0,0,0,0,
34475806,67,Ammunition Box,????,IOP High-Capacity Ammo Box,-,-,0,0,-1,0,0,0%,0%,0,0,0,0%,0%,0%,1,0,0,0,
34475816,31,High-velocity,????,JHP High-Velocity Ammo,-,-,5,0,0,0,0,0%,0%,0,0,0,0%,0%,0%,0,0,0,0,
34475834,17,Armor-piercing,??,M61 Armor-Piercing Ammo,-,-,0,0,0,0,0,0%,0%,45,0,0,0%,0%,0%,0,0,0,0,
34475835,13,Night Equipment,??,PEQ-2,-,-,0,0,0,0,0,0%,0%,0,0,0,0%,0%,51%,0,0,0,0,
34475837,30,High-velocity,???,JSP High-Velocity Ammo,-,-,3,0,0,0,0,0%,0%,0,0,0,0%,0%,0%,0,0,0,0,
34475840,29,High-velocity,??,FMJ High-Velocity Ammo,-,-,2,0,0,0,0,0%,0%,0,0,0,0%,0%,0%,0,0,0,0,
34475845,13,Night Equipment,??,PEQ-2,-,-,0,0,0,0,0,0%,0%,0,0,0,0%,0%,52%,0,0,0,0,
34475854,30,High-velocity,???,JSP High-Velocity Ammo,-,-,3,0,0,0,0,0%,0%,0,0,0,0%,0%,0%,0,0,0,0,
34475855,56,X-Exo,???,IOP X2 Exoskeleton,-,-,0,0,4,0,0,0%,0%,0,0,0,0%,0%,0%,0,0,0,0,
34475856,2,Optical,???,LRA 2-12x50,-,-,0,0,0,0,0,0%,9%,0,0,0,0%,0%,0%,0,0,0,0,
34475860,42,Armor Plate,???,Type 1 Armor Plate,-,-,0,0,-1,0,0,0%,0%,0,3,0,0%,0%,0%,0,0,0,0,
34475887,9,Red Dot,??,AMP COMPM2,-,-,0,2,0,0,-1,0%,0%,0,0,0,0%,0%,0%,0,0,0,0,
34475894,77,Slug,??,BK Slug,-,-,0,1,0,0,0,0%,0%,0,0,0,0%,0%,0%,0,0,0,0,
34475896,17,Armor-piercing,??,M61 Armor-Piercing Ammo,-,-,0,0,0,0,0,0%,0%,53,0,0,0%,0%,0%,0,0,0,0,
34475922,74,Buckshot,???,#0 Buckshot,-,-,2,0,0,0,0,5%,0%,0,0,0,0%,0%,0%,0,0,0,0,
34475924,13,Night Equipment,??,PEQ-2,-,-,0,0,0,0,0,0%,0%,0,0,0,0%,0%,51%,0,0,0,0,
34475930,69,Hollow-point,??,ILM Hollow-Point Ammo,-,-,1,0,0,0,0,0%,0%,-1,0,0,0%,0%,0%,0,0,0,0,
34475932,37,T-Exo,??,IOP T1 Exoskeleton,-,-,-1,0,6,0,0,0%,0%,0,0,0,0%,0%,0%,0,0,0,0,
34475955,77,Slug,??,BK Slug,-,-,0,1,0,0,0,0%,0%,0,0,0,0%,0%,0%,0,0,0,0,
34475959,5,Holographic,??,EOT 506,-,-,1,1,0,0,-1,0%,0%,0,0,0,0%,0%,0%,0,0,0,0,
34475970,5,Holographic,??,EOT 506,-,-,1,1,0,0,-1,0%,0%,0,0,0,0%,0%,0%,0,0,0,0,
34475973,89,Camouflage Cape,????,Urban Camouflage Cape,-,-,0,0,0,-3,0,8%,0%,0,0,0,0%,0%,0%,0,0,0,0,
34475974,13,Night Equipment,??,PEQ-2,-,-,0,0,0,0,0,0%,0%,0,0,0,0%,0%,51%,0,0,0,0,
34475992,87,Camouflage Cape,??,Ragged Cape,-,-,0,0,0,-3,0,3%,0%,0,0,0,0%,0%,0%,0,0,0,0,
34475996,73,Buckshot,??,#1 Buckshot,-,-,1,0,0,0,0,3%,0%,0,0,0,0%,0%,0%,0,0,0,0,
34476009,2,Optical,???,LRA 2-12x50,-,-,0,0,0,0,0,0%,11%,0,0,0,0%,0%,0%,0,0,0,0,
34476012,73,Buckshot,??,#1 Buckshot,-,-,1,0,0,0,0,3%,0%,0,0,0,0%,0%,0%,0,0,0,0,
